plant,line,machine_code,ts,planned_time_min,unplanned_downtime_min,ideal_ct_sec,total_count,good_count,scrap_count,sku,shift,downtime_cause,labor_cost,material_cost,energy_cost
ATL02,L3,CAPR02,2025-10-06 09:00:00,60,9,0.274,9540,9160,380,COKE_12OZ,A,PM,76.8,182.23,13.15
ATL02,L2,FILL01,2025-10-03 06:00:00,60,12,0.242,10110,9910,200,DIET_12OZ,A,Starved,94.52,194.52,11.62
ATL01,L2,CAPR02,2025-10-10 10:00:00,60,13,0.319,7361,7143,218,COKE_16OZ,C,Blocked,86.61,142.94,14.17
ATL01,L1,LBLR03,2025-10-09 07:00:00,60,7,0.367,8571,8253,318,DIET_12OZ,C,PM,92.75,180.49,16.05
ATL02,L1,LBLR03,2025-10-09 09:00:00,60,2,0.341,10242,9548,694,DIET_12OZ,A,None,99.43,208.68,17.09
ATL02,L1,CAPR02,2025-10-09 10:00:00,60,10,0.295,9278,8959,319,SPRITE_12OZ,B,Breakdown,91.71,190.04,14.13
ATL02,L1,LBLR03,2025-10-08 08:00:00,60,10,0.359,7173,6893,280,DIET_12OZ,C,PM,88.4,149.02,11.08
ATL02,L3,FILL01,2025-10-04 08:00:00,60,5,0.233,14015,13009,1006,DIET_12OZ,A,Blocked,86.38,261.5,20.36
ATL01,L1,FILL01,2025-10-03 11:00:00,60,9,0.279,11546,11255,291,DIET_12OZ,B,Breakdown,95.44,241.93,14.43
ATL01,L1,CASE04,2025-10-06 09:00:00,60,3,0.781,3374,3189,185,DIET_12OZ,C,Breakdown,95.75,79.42,20.27
ATL01,L3,LBLR03,2025-10-03 14:00:00,60,29,0.339,4303,3980,323,DIET_12OZ,C,Breakdown,73.28,85.21,7.96
ATL01,L1,CAPR02,2025-10-05 08:00:00,60,12,0.326,8644,8243,401,SPRITE_12OZ,A,Breakdown,88.23,183.71,15.82
ATL01,L2,FILL01,2025-10-07 11:00:00,60,13,0.253,10862,10849,13,SPRITE_12OZ,B,PM,94.21,221.22,13.92
ATL02,L1,CAPR02,2025-10-04 13:00:00,60,7,0.31,9535,9468,67,SPRITE_12OZ,A,Blocked,92.94,160.79,15.57
ATL01,L1,CAPR02,2025-10-04 07:00:00,60,18,0.304,8265,8231,34,DIET_12OZ,A,Breakdown,86.65,160.27,12.98
ATL01,L2,CASE04,2025-10-05 08:00:00,60,9,0.853,3648,3618,30,COKE_16OZ,A,PM,88.33,48.88,13.6
ATL01,L3,CAPR02,2025-10-07 07:00:00,60,6,0.301,10073,9840,233,DIET_12OZ,A,None,97.64,192.06,18.55
ATL02,L1,CASE04,2025-10-08 10:00:00,60,12,0.83,2870,2863,7,SPRITE_12OZ,C,PM,79.67,35.16,13.46
ATL02,L1,LBLR03,2025-10-10 09:00:00,60,15,0.35,6528,6278,250,COKE_12OZ,B,Breakdown,90.05,121.46,12.52
ATL01,L1,CAPR02,2025-10-01 15:00:00,60,10,0.294,9743,9266,477,SPRITE_12OZ,A,Changeover,92.87,208.33,15.32
ATL01,L2,CASE04,2025-10-07 08:00:00,60,4,0.765,3840,3691,149,SPRITE_12OZ,C,None,91.18,88.86,18.16
ATL02,L1,LBLR03,2025-10-04 07:00:00,60,11,0.327,6947,6513,434,COKE_16OZ,C,Blocked,87.18,138.63,13.47
ATL01,L2,CAPR02,2025-10-03 08:00:00,60,7,0.285,10491,10268,223,DIET_12OZ,B,Starved,96.42,211.78,16.63
ATL02,L1,FILL01,2025-10-09 10:00:00,60,19,0.238,9818,9707,111,DIET_12OZ,A,Blocked,88.5,198.37,12.88
ATL01,L1,LBLR03,2025-10-08 10:00:00,60,3,0.361,8614,8377,237,SPRITE_12OZ,B,Breakdown,90.68,172.64,17.46
ATL02,L3,FILL01,2025-10-02 12:00:00,60,14,0.242,10130,9979,151,COKE_16OZ,C,Blocked,89.52,193.62,13.87
ATL01,L2,CASE04,2025-10-09 08:00:00,60,1,0.815,4264,4196,68,COKE_16OZ,A,None,97.89,81.47,15.19
ATL02,L1,CASE04,2025-10-01 06:00:00,60,0,0.76,4558,4470,88,SPRITE_12OZ,A,None,91.27,82.35,15.74
ATL01,L3,FILL01,2025-10-03 06:00:00,60,18,0.254,9801,9581,220,DIET_12OZ,A,PM,86.2,208.56,13.37
ATL01,L3,LBLR03,2025-10-03 09:00:00,60,0,0.364,9002,8761,241,COKE_12OZ,B,None,101.36,182.17,16.5
ATL01,L3,CAPR02,2025-10-01 12:00:00,60,7,0.298,10179,9719,460,COKE_16OZ,A,Blocked,90.01,197.82,15.45
ATL01,L3,FILL01,2025-10-06 07:00:00,60,3,0.231,14179,13609,570,DIET_12OZ,C,PM,93.39,291.69,17.32
ATL02,L3,FILL01,2025-10-09 13:00:00,60,8,0.246,10832,10723,109,DIET_12OZ,B,Starved,97.75,213.35,14.37
ATL02,L1,FILL01,2025-10-09 09:00:00,60,0,0.239,13834,13737,97,SPRITE_12OZ,C,None,93.18,270.16,18.09
ATL02,L2,FILL01,2025-10-02 08:00:00,60,6,0.275,10994,10680,314,COKE_12OZ,A,Blocked,97.96,232.63,16.81
ATL01,L3,FILL01,2025-10-03 12:00:00,60,2,0.252,12711,12060,651,COKE_12OZ,B,PM,87.26,242.33,17.86
ATL02,L3,CASE04,2025-10-01 10:00:00,60,8,0.773,4067,3882,185,COKE_12OZ,A,Starved,94.29,82.23,12.8
ATL01,L2,LBLR03,2025-10-07 10:00:00,60,4,0.364,8331,7697,634,COKE_12OZ,B,Changeover,88.59,171.18,19.97
ATL02,L3,FILL01,2025-10-01 12:00:00,60,13,0.26,8248,8124,124,DIET_12OZ,C,Breakdown,76.67,184.93,17.98
ATL02,L3,CAPR02,2025-10-03 14:00:00,60,14,0.309,7780,7581,199,DIET_12OZ,B,Starved,81.6,169.8,12.86
ATL02,L1,FILL01,2025-10-05 15:00:00,60,1,0.242,13676,13184,492,DIET_12OZ,B,Blocked,105.16,266.98,15.78
ATL02,L2,FILL01,2025-10-02 10:00:00,60,7,0.256,11883,11339,544,COKE_12OZ,C,Blocked,90.18,222.97,14.0
ATL01,L2,CAPR02,2025-10-10 12:00:00,60,13,0.28,10249,9934,315,COKE_16OZ,A,PM,79.93,209.95,16.6
ATL02,L2,LBLR03,2025-10-06 12:00:00,60,12,0.315,8555,8366,189,COKE_16OZ,C,PM,82.29,169.79,15.58
ATL01,L2,LBLR03,2025-10-06 12:00:00,60,0,0.326,10353,9770,583,COKE_12OZ,A,None,89.3,196.54,19.5
ATL02,L3,FILL01,2025-10-04 07:00:00,60,7,0.259,12184,11242,942,SPRITE_12OZ,A,Starved,88.67,229.87,16.58
ATL02,L1,FILL01,2025-10-05 07:00:00,60,9,0.234,12789,12726,63,COKE_16OZ,B,PM,91.61,265.16,15.28
ATL01,L1,CASE04,2025-10-01 13:00:00,60,13,0.863,3134,3068,66,SPRITE_12OZ,C,None,90.23,69.21,11.64
ATL01,L1,LBLR03,2025-10-04 11:00:00,60,9,0.339,7780,7508,272,COKE_12OZ,C,Breakdown,98.69,163.16,15.62
ATL01,L3,FILL01,2025-10-05 14:00:00,60,3,0.235,13551,13013,538,SPRITE_12OZ,A,None,93.54,262.97,17.37
ATL02,L2,LBLR03,2025-10-10 13:00:00,60,9,0.323,8006,7828,178,COKE_12OZ,C,Breakdown,92.21,175.33,15.45
ATL02,L3,FILL01,2025-10-09 07:00:00,60,10,0.272,10977,10656,321,DIET_12OZ,A,Starved,89.37,216.49,13.97
ATL02,L3,CAPR02,2025-10-05 06:00:00,60,6,0.269,11309,10928,381,SPRITE_12OZ,B,Starved,95.51,228.4,18.83
ATL02,L3,FILL01,2025-10-06 13:00:00,60,6,0.264,9738,9669,69,DIET_12OZ,A,Breakdown,93.02,176.26,14.31
ATL01,L3,FILL01,2025-10-03 07:00:00,60,5,0.243,12558,11990,568,COKE_16OZ,A,Starved,93.08,239.53,15.06
ATL02,L3,CASE04,2025-10-04 14:00:00,60,0,0.873,3651,3512,139,COKE_16OZ,A,None,101.82,60.61,14.93
ATL02,L2,CASE04,2025-10-06 08:00:00,60,5,0.792,3388,3328,60,COKE_16OZ,B,Breakdown,93.1,77.34,16.83
ATL02,L1,CASE04,2025-10-10 15:00:00,60,5,0.789,3519,3424,95,DIET_12OZ,B,Changeover,96.31,67.64,17.57
ATL01,L2,LBLR03,2025-10-05 12:00:00,60,13,0.364,6514,6489,25,COKE_12OZ,A,Starved,90.63,132.16,16.19
ATL02,L1,CAPR02,2025-10-01 15:00:00,60,6,0.331,8850,8553,297,SPRITE_12OZ,B,Changeover,96.1,161.81,16.14
ATL01,L2,LBLR03,2025-10-02 07:00:00,60,13,0.361,7356,6978,378,SPRITE_12OZ,B,Breakdown,93.51,160.94,15.42
ATL02,L1,FILL01,2025-10-01 06:00:00,60,0,0.252,11309,10826,483,COKE_12OZ,A,None,93.47,230.94,20.61
ATL01,L2,CAPR02,2025-10-02 07:00:00,60,14,0.301,8340,7946,394,COKE_12OZ,A,Changeover,89.38,186.97,14.56
ATL02,L2,LBLR03,2025-10-03 07:00:00,60,8,0.355,7082,7012,70,COKE_16OZ,A,Starved,93.34,148.96,13.52
ATL02,L3,CASE04,2025-10-04 12:00:00,60,3,0.858,4247,4144,103,DIET_12OZ,C,Starved,89.7,91.48,16.42
ATL01,L2,CAPR02,2025-10-03 15:00:00,60,23,0.325,5853,5662,191,COKE_12OZ,B,PM,86.75,108.62,10.05
ATL02,L2,FILL01,2025-10-08 15:00:00,60,20,0.246,9511,9312,199,COKE_12OZ,C,Breakdown,80.34,177.95,14.68
ATL02,L3,CASE04,2025-10-09 12:00:00,60,0,0.818,3667,3622,45,SPRITE_12OZ,B,None,90.88,75.13,14.07
ATL01,L1,CAPR02,2025-10-07 09:00:00,60,8,0.296,10427,10402,25,DIET_12OZ,C,PM,92.39,217.69,15.56
ATL02,L1,LBLR03,2025-10-10 10:00:00,60,9,0.338,8469,8246,223,DIET_12OZ,B,Breakdown,97.94,157.17,18.9
ATL01,L2,CAPR02,2025-10-01 10:00:00,60,0,0.28,10136,9978,158,COKE_16OZ,A,None,96.93,205.83,20.95
ATL01,L3,CAPR02,2025-10-04 11:00:00,60,6,0.305,10810,10506,304,DIET_12OZ,B,Changeover,87.14,215.08,14.77
ATL02,L3,CAPR02,2025-10-04 09:00:00,60,13,0.3,7702,7237,465,COKE_16OZ,B,Blocked,89.82,164.35,12.66
ATL01,L2,FILL01,2025-10-01 11:00:00,60,4,0.236,12961,12483,478,COKE_16OZ,C,Changeover,104.49,262.42,17.24
ATL01,L2,CASE04,2025-10-10 07:00:00,60,7,0.734,3756,3643,113,SPRITE_12OZ,B,Blocked,90.4,90.44,11.44
ATL01,L2,CAPR02,2025-10-04 10:00:00,60,10,0.305,9239,9232,7,DIET_12OZ,C,PM,93.87,190.9,13.0
ATL01,L3,LBLR03,2025-10-10 09:00:00,60,8,0.357,8240,8230,10,SPRITE_12OZ,C,PM,102.18,176.09,18.59
ATL01,L3,FILL01,2025-10-04 07:00:00,60,4,0.24,11593,11438,155,SPRITE_12OZ,A,Blocked,94.58,224.7,18.21
ATL02,L1,CASE04,2025-10-03 06:00:00,60,0,0.84,3936,3705,231,DIET_12OZ,B,None,91.31,84.24,17.53
ATL01,L3,LBLR03,2025-10-07 11:00:00,60,9,0.32,8625,8439,186,SPRITE_12OZ,B,Changeover,93.0,172.91,13.73
ATL02,L3,LBLR03,2025-10-10 12:00:00,60,4,0.364,9385,8925,460,DIET_12OZ,B,Blocked,86.37,176.85,16.09
ATL01,L1,LBLR03,2025-10-03 12:00:00,60,3,0.343,8841,8477,364,DIET_12OZ,A,Starved,92.7,183.76,20.36
ATL02,L2,CAPR02,2025-10-03 09:00:00,60,7,0.308,10317,9769,548,SPRITE_12OZ,A,Starved,98.29,189.0,16.32
ATL02,L2,CASE04,2025-10-08 07:00:00,60,17,0.783,2951,2909,42,DIET_12OZ,C,Starved,85.18,46.08,12.73
ATL02,L1,CASE04,2025-10-02 15:00:00,60,16,0.803,2730,2665,65,COKE_16OZ,A,Starved,80.94,62.42,12.08
ATL01,L1,FILL01,2025-10-01 15:00:00,60,8,0.262,10428,9834,594,COKE_16OZ,C,Starved,102.52,215.28,14.41
ATL02,L1,FILL01,2025-10-10 12:00:00,60,15,0.238,13140,12753,387,SPRITE_12OZ,C,Breakdown,89.42,267.57,14.08
ATL01,L3,CASE04,2025-10-03 14:00:00,60,10,0.781,3348,3252,96,SPRITE_12OZ,C,Breakdown,100.82,64.49,14.4
ATL02,L2,LBLR03,2025-10-06 13:00:00,60,14,0.373,6146,5945,201,COKE_16OZ,B,PM,85.89,114.06,15.38
ATL01,L1,CAPR02,2025-10-03 11:00:00,60,9,0.289,10941,10640,301,COKE_16OZ,A,PM,88.8,212.68,15.6
ATL02,L3,CASE04,2025-10-09 07:00:00,60,11,0.749,4095,3975,120,SPRITE_12OZ,C,Breakdown,89.48,97.58,12.87
ATL01,L2,LBLR03,2025-10-10 14:00:00,60,3,0.352,9746,9613,133,SPRITE_12OZ,B,Breakdown,100.03,208.08,16.89
ATL02,L3,CASE04,2025-10-03 13:00:00,60,11,0.727,3728,3723,5,COKE_12OZ,C,Breakdown,89.36,73.55,13.7
ATL02,L2,CASE04,2025-10-06 12:00:00,60,0,0.781,4261,4254,7,DIET_12OZ,C,None,96.94,97.01,19.19
ATL01,L3,CASE04,2025-10-01 07:00:00,60,8,0.816,3438,3279,159,COKE_12OZ,B,None,86.4,61.18,16.54
ATL02,L2,CAPR02,2025-10-10 10:00:00,60,5,0.279,9321,9011,310,DIET_12OZ,A,PM,87.83,186.72,18.81
ATL01,L3,CAPR02,2025-10-07 14:00:00,60,8,0.285,10188,9695,493,COKE_16OZ,A,Breakdown,105.03,189.14,16.9
ATL02,L3,FILL01,2025-10-10 06:00:00,60,2,0.254,11364,11109,255,COKE_16OZ,B,Changeover,96.43,203.11,18.24
ATL02,L2,CAPR02,2025-10-08 09:00:00,60,10,0.301,10172,9821,351,COKE_16OZ,C,Blocked,87.49,208.99,13.4
ATL02,L3,FILL01,2025-10-04 13:00:00,60,9,0.258,12222,11871,351,SPRITE_12OZ,A,Changeover,81.25,252.24,11.94
ATL02,L2,LBLR03,2025-10-10 13:00:00,60,9,0.323,500000,490000,10000,COKE_12OZ,C,Breakdown,92.21,175.33,15.45
ATL02,L2,CASE04,2025-10-06 11:00:00,60,3,0.808,4889,4886,3,COKE_16OZ,B,PM,89.82,106.48,16.94
ATL01,L1,LBLR03,2025-10-04 15:00:00,60,7,0.334,8109,8107,2,SPRITE_12OZ,C,None,93.66,179.73,15.8
ATL01,L1,FILL01,2025-10-06 08:00:00,60,7,0.249,11868,11651,217,SPRITE_12OZ,A,Blocked,97.23,211.8,16.13
ATL01,L2,FILL01,2025-10-08 15:00:00,60,12,0.234,11011,10404,607,SPRITE_12OZ,A,Starved,89.06,209.53,17.71
ATL01,L3,CASE04,2025-10-03 07:00:00,60,2,0.808,3884,3839,45,SPRITE_12OZ,C,Blocked,102.55,69.06,18.23
ATL01,L2,FILL01,2025-10-02 14:00:00,60,4,0.255,10445,10395,50,COKE_12OZ,C,Breakdown,84.72,214.69,16.97
ATL02,L1,CASE04,2025-10-07 07:00:00,60,9,0.797,3448,3290,158,SPRITE_12OZ,A,PM,95.06,58.45,16.9
ATL01,L3,CAPR02,2025-10-08 06:00:00,60,9,0.316,6885,6439,446,COKE_12OZ,A,PM,87.24,128.32,14.88
ATL01,L3,FILL01,2025-10-02 12:00:00,60,15,0.227,11386,11293,93,SPRITE_12OZ,B,Changeover,84.78,239.85,13.92
ATL02,L2,LBLR03,2025-10-01 07:00:00,60,16,0.353,5837,5593,244,COKE_12OZ,C,PM,95.82,106.83,11.94
ATL02,L3,FILL01,2025-10-04 15:00:00,60,1,0.246,13444,12973,471,COKE_12OZ,A,Breakdown,96.43,261.32,19.87
ATL01,L3,CAPR02,2025-10-07 12:00:00,60,13,0.283,9748,9293,455,SPRITE_12OZ,B,PM,87.06,175.01,12.17
ATL01,L3,CASE04,2025-10-02 13:00:00,60,6,0.751,3588,3521,67,SPRITE_12OZ,A,Breakdown,97.54,86.97,13.52
ATL01,L3,CAPR02,2025-10-04 13:00:00,60,14,0.338,8036,7970,66,COKE_12OZ,A,Breakdown,80.45,159.63,12.22
ATL01,L3,CASE04,2025-10-02 14:00:00,60,14,0.829,3026,2977,49,COKE_16OZ,A,None,90.59,58.41,13.66
ATL01,L2,CASE04,2025-10-07 14:00:00,60,10,0.783,3106,2997,109,COKE_16OZ,B,Changeover,97.31,40.78,11.83
ATL02,L3,CASE04,2025-10-01 12:00:00,60,2,0.777,4129,4027,102,COKE_12OZ,C,Changeover,94.12,79.51,14.36
ATL01,L2,FILL01,2025-10-04 09:00:00,60,4,0.263,11659,11203,456,COKE_16OZ,C,Starved,102.4,240.23,18.5
ATL01,L3,LBLR03,2025-10-07 12:00:00,60,2,0.335,8890,8828,62,DIET_12OZ,B,Changeover,97.64,191.49,15.39
ATL02,L3,FILL01,2025-10-06 10:00:00,60,9,0.243,12946,12246,700,SPRITE_12OZ,B,Changeover,93.97,255.38,17.46
ATL02,L1,CAPR02,2025-10-05 09:00:00,60,11,0.296,9353,9301,52,SPRITE_12OZ,A,Starved,94.88,189.59,17.6
ATL01,L2,CAPR02,2025-10-02 08:00:00,60,15,0.325,6864,6765,99,DIET_12OZ,A,Changeover,89.22,141.31,14.89
ATL02,L3,LBLR03,2025-10-09 06:00:00,60,6,0.371,7968,7960,8,COKE_12OZ,A,PM,90.56,170.59,13.65
ATL02,L3,LBLR03,2025-10-06 14:00:00,60,13,0.353,6996,6703,293,COKE_12OZ,B,Breakdown,91.7,143.28,13.61
ATL01,L3,CAPR02,2025-10-01 11:00:00,60,20,0.296,8359,8150,209,COKE_16OZ,C,Blocked,86.57,173.63,14.63
ATL02,L2,FILL01,2025-10-07 12:00:00,60,12,0.265,9498,9248,250,SPRITE_12OZ,B,Changeover,94.79,182.01,17.03
ATL02,L3,CASE04,2025-10-10 06:00:00,60,6,0.804,3815,3730,85,COKE_16OZ,C,Changeover,83.35,74.81,11.4
ATL01,L1,CASE04,2025-10-07 13:00:00,60,13,0.773,3512,3383,129,COKE_16OZ,B,PM,97.03,83.11,16.14
ATL01,L1,FILL01,2025-10-04 10:00:00,60,10,0.231,10025,9705,320,COKE_12OZ,C,Starved,88.6,207.29,14.37
ATL02,L3,CAPR02,2025-10-10 08:00:00,60,16,0.3,8096,7599,497,COKE_16OZ,A,Starved,81.99,159.01,14.1
ATL01,L1,CAPR02,2025-10-09 13:00:00,60,1,0.292,8621,8147,474,SPRITE_12OZ,C,Blocked,89.62,178.58,19.98
ATL02,L3,LBLR03,2025-10-02 08:00:00,60,2,0.353,9703,9291,412,COKE_16OZ,B,Blocked,94.23,189.61,18.06
ATL02,L2,CASE04,2025-10-08 10:00:00,60,0,0.787,3911,3841,70,COKE_16OZ,B,None,94.71,71.24,16.69
ATL01,L3,CASE04,2025-10-05 15:00:00,60,2,0.744,4220,4053,167,COKE_12OZ,A,Changeover,95.63,91.03,15.9
ATL02,L3,CASE04,2025-10-04 06:00:00,60,17,0.833,2496,2467,29,DIET_12OZ,C,Breakdown,89.31,52.63,13.93
ATL01,L1,CASE04,2025-10-02 09:00:00,60,8,0.835,3822,3635,187,SPRITE_12OZ,C,Breakdown,106.19,72.35,15.7
ATL02,L2,LBLR03,2025-10-04 08:00:00,60,1,0.365,9309,8798,511,COKE_12OZ,B,Changeover,97.52,189.79,18.25
ATL01,L1,FILL01,2025-10-10 10:00:00,60,28,0.238,7703,7384,319,SPRITE_12OZ,A,Breakdown,78.85,168.13,10.52
ATL02,L1,LBLR03,2025-10-10 15:00:00,60,7,0.349,8391,8332,59,COKE_12OZ,C,PM,91.69,175.27,17.28
ATL01,L3,FILL01,2025-10-09 06:00:00,60,7,0.251,11091,10811,280,COKE_16OZ,B,Breakdown,95.92,219.0,15.86
ATL01,L2,CASE04,2025-10-04 14:00:00,60,14,0.828,3268,3149,119,COKE_12OZ,C,Changeover,89.03,62.13,15.17
ATL02,L2,LBLR03,2025-10-09 13:00:00,60,17,0.38,5213,5170,43,DIET_12OZ,A,PM,84.31,97.53,10.43
ATL01,L3,FILL01,2025-10-03 11:00:00,60,18,0.249,9060,8983,77,SPRITE_12OZ,A,None,97.09,190.77,16.81
ATL01,L3,CASE04,2025-10-08 11:00:00,60,18,0.741,2858,2820,38,COKE_12OZ,C,Breakdown,72.24,53.65,12.13
ATL02,L3,LBLR03,2025-10-09 11:00:00,60,6,0.349,8918,8460,458,DIET_12OZ,B,Starved,97.14,180.77,16.39
ATL02,L2,FILL01,2025-10-10 08:00:00,60,13,0.24,10266,9663,603,DIET_12OZ,C,None,83.74,194.77,13.84
ATL01,L3,CAPR02,2025-10-06 09:00:00,60,2,0.293,10495,10077,418,SPRITE_12OZ,A,None,96.19,212.97,20.97
ATL01,L2,CASE04,2025-10-09 13:00:00,60,1,0.823,4519,4379,140,DIET_12OZ,C,Blocked,100.03,97.49,20.1
ATL01,L2,CAPR02,2025-10-06 12:00:00,60,5,0.305,9707,9206,501,DIET_12OZ,B,PM,91.92,190.41,20.27
ATL02,L3,CAPR02,2025-10-04 11:00:00,60,5,0.305,9485,9099,386,DIET_12OZ,C,Changeover,98.19,179.01,17.21
ATL01,L3,LBLR03,2025-10-07 15:00:00,60,12,0.35,7611,7493,118,COKE_16OZ,B,Breakdown,93.3,148.14,11.87
ATL01,L2,CAPR02,2025-10-05 14:00:00,60,8,0.304,9520,9237,283,COKE_12OZ,B,Starved,87.64,198.63,16.09
ATL02,L2,CAPR02,,60,5,0.31,10479,10263,216,COKE_16OZ,A,Breakdown,89.66,215.15,20.55
ATL02,L1,CASE04,2025-10-03 15:00:00,60,12,0.874,3065,2943,122,COKE_12OZ,B,PM,85.62,39.77,16.54
ATL01,L3,FILL01,2025-10-05 07:00:00,60,15,0.246,8808,8250,558,DIET_12OZ,C,Changeover,93.54,183.52,17.03
ATL02,L1,CASE04,2025-10-01 15:00:00,60,0,0.774,4057,4020,37,COKE_16OZ,B,None,89.1,88.82,21.2
ATL01,L3,CAPR02,2025-10-03 08:00:00,60,5,0.313,10063,9839,224,COKE_16OZ,C,Breakdown,95.83,194.8,14.73
ATL01,L3,LBLR03,2025-10-08 08:00:00,60,9,0.365,7807,7689,118,DIET_12OZ,A,Changeover,86.26,152.1,13.82
ATL02,L2,CASE04,2025-10-03 15:00:00,60,12,0.827,2832,2705,127,COKE_12OZ,A,Breakdown,94.22,72.98,10.16
ATL01,L2,CAPR02,2025-10-01 12:00:00,60,9,0.318,8664,8556,108,COKE_12OZ,A,Blocked,87.02,161.35,10.84
ATL02,L2,CASE04,2025-10-01 06:00:00,60,10,0.733,4175,4053,122,DIET_12OZ,C,PM,97.69,57.3,16.59
ATL01,L2,FILL01,2025-10-08 14:00:00,60,10,0.25,11238,10803,435,SPRITE_12OZ,B,Breakdown,83.14,237.05,17.23
ATL01,L1,CASE04,2025-10-04 10:00:00,60,8,0.814,3665,3504,161,DIET_12OZ,C,Breakdown,88.53,77.85,15.27
ATL02,L3,CASE04,2025-10-05 13:00:00,60,15,0.843,3065,2920,145,COKE_12OZ,A,Changeover,83.41,72.44,9.51
ATL02,L2,FILL01,2025-10-02 14:00:00,60,2,0.245,14391,14102,289,DIET_12OZ,B,Starved,99.41,302.17,17.62
ATL02,L2,CASE04,2025-10-06 09:00:00,60,0,0.768,4384,4145,239,DIET_12OZ,B,None,98.56,92.03,21.78
ATL01,L3,CASE04,2025-10-05 09:00:00,60,4,0.717,3875,3777,98,COKE_16OZ,A,Changeover,93.83,87.1,20.0
ATL02,L1,FILL01,2025-10-02 06:00:00,60,2,0.252,11269,11171,98,COKE_12OZ,B,None,90.39,214.67,18.78
ATL02,L1,LBLR03,2025-10-05 12:00:00,60,6,0.33,10842,10348,494,DIET_12OZ,A,Breakdown,93.75,219.97,17.06
ATL02,L1,FILL01,2025-10-02 12:00:00,60,8,0.235,11215,11142,73,COKE_12OZ,B,Starved,83.8,212.39,15.68
ATL01,L1,FILL01,2025-10-09 15:00:00,60,6,0.245,11100,10934,166,SPRITE_12OZ,A,None,94.29,220.4,17.4
ATL01,L2,FILL01,2025-10-01 07:00:00,60,5,0.261,11927,11546,381,COKE_12OZ,C,Breakdown,98.99,231.52,15.9
ATL01,L1,CASE04,2025-10-09 13:00:00,60,1,0.815,4233,4210,23,DIET_12OZ,A,Changeover,94.36,82.08,16.45
ATL01,L3,FILL01,2025-10-04 06:00:00,60,13,0.255,9417,8989,428,SPRITE_12OZ,A,Breakdown,93.27,207.69,14.28
ATL02,L3,CAPR02,2025-10-07 09:00:00,60,6,0.312,9133,8707,426,COKE_16OZ,C,Changeover,94.59,178.54,18.37
ATL01,L1,CASE04,2025-10-02 06:00:00,60,13,0.781,2823,2710,113,DIET_12OZ,C,Breakdown,82.13,69.24,13.48
ATL01,L1,LBLR03,2025-10-01 14:00:00,60,5,0.344,8292,8114,178,COKE_12OZ,A,Blocked,91.49,175.36,14.34
ATL02,L1,FILL01,2025-10-09 11:00:00,60,26,0.273,6191,6165,26,COKE_12OZ,C,Breakdown,75.54,108.14,7.33
ATL02,L1,FILL01,2025-10-07 11:00:00,60,0,0.241,14467,14407,60,COKE_12OZ,C,Breakdown,100.04,295.5,17.46
ATL02,L2,FILL01,2025-10-03 14:00:00,60,2,0.239,12629,12228,401,SPRITE_12OZ,A,Changeover,89.64,266.43,18.81
ATL02,L2,FILL01,2025-10-06 15:00:00,60,9,0.249,10636,10528,108,SPRITE_12OZ,B,Changeover,83.77,219.38,16.53
ATL02,L3,CASE04,2025-10-08 12:00:00,60,9,0.826,3396,3390,6,SPRITE_12OZ,C,Blocked,94.65,62.29,15.19
ATL02,L3,CASE04,2025-10-02 10:00:00,60,0,0.791,3848,3728,120,COKE_16OZ,B,None,103.63,72.42,17.96
ATL01,L2,CAPR02,2025-10-08 09:00:00,60,9,0.294,9305,9208,97,SPRITE_12OZ,C,PM,90.4,173.77,18.02
ATL02,L2,CAPR02,2025-10-05 08:00:00,60,12,0.305,8375,8211,164,DIET_12OZ,B,Breakdown,86.64,171.78,14.53
ATL02,L1,CASE04,2025-10-04 09:00:00,60,18,0.858,2734,2693,41,SPRITE_12OZ,C,Changeover,75.47,46.63,15.75
ATL01,L1,LBLR03,2025-10-05 09:00:00,60,5,0.335,8701,8427,274,COKE_16OZ,C,PM,101.52,183.1,14.97
ATL01,L3,LBLR03,2025-10-10 11:00:00,60,6,0.34,8293,8148,145,DIET_12OZ,C,PM,99.24,170.47,16.66
ATL01,L3,CASE04,2025-10-05 07:00:00,60,1,0.822,4078,3904,174,COKE_12OZ,B,PM,98.34,106.53,17.32
ATL01,L2,CASE04,2025-10-04 09:00:00,60,7,0.782,3833,3734,99,COKE_16OZ,B,Blocked,97.77,72.61,15.05
ATL01,L3,CAPR02,2025-10-09 07:00:00,60,5,0.312,9998,9802,196,COKE_16OZ,B,Breakdown,92.23,196.5,16.87
ATL01,L3,LBLR03,2025-10-02 11:00:00,60,7,0.347,8669,8415,254,DIET_12OZ,A,Breakdown,87.75,164.67,13.97
ATL02,L2,CAPR02,2025-10-05 09:00:00,60,17,0.313,6330,6158,172,COKE_12OZ,A,Blocked,91.24,130.59,11.85
ATL01,L1,LBLR03,2025-10-03 06:00:00,60,9,0.336,8067,7804,263,COKE_12OZ,A,Breakdown,88.32,141.86,16.85
ATL02,L1,CASE04,2025-10-04 15:00:00,60,15,0.84,2633,2593,40,DIET_12OZ,C,PM,88.65,49.0,13.17
ATL02,L2,CAPR02,2025-10-03 06:00:00,60,17,0.301,7871,7347,524,COKE_16OZ,A,Breakdown,94.1,154.74,11.36
ATL01,L2,LBLR03,2025-10-03 13:00:00,60,19,0.337,7712,7389,323,SPRITE_12OZ,B,Changeover,93.06,157.8,13.95
ATL01,L1,LBLR03,2025-10-08 09:00:00,60,3,0.356,10076,9856,220,SPRITE_12OZ,A,Starved,96.21,214.55,17.28
ATL01,L1,FILL01,2025-10-10 06:00:00,60,21,0.265,7274,6843,431,COKE_12OZ,C,Changeover,76.38,150.48,13.39
ATL02,L2,CAPR02,2025-10-02 14:00:00,60,6,0.287,10043,9575,468,COKE_12OZ,A,Breakdown,88.17,213.74,15.21
ATL02,L1,LBLR03,2025-10-03 08:00:00,60,14,0.348,8220,7757,463,DIET_12OZ,B,PM,95.23,171.82,14.04
ATL01,L3,CASE04,2025-10-07 11:00:00,60,23,0.799,2483,2402,81,COKE_16OZ,A,None,78.19,57.04,8.89
ATL01,L3,CAPR02,2025-10-01 13:00:00,60,9,0.315,9267,9263,4,COKE_16OZ,B,Blocked,96.19,188.72,14.35
ATL01,L2,FILL01,2025-10-04 10:00:00,60,7,0.247,11583,11290,293,DIET_12OZ,C,Breakdown,89.88,234.06,16.91
ATL01,L2,FILL01,2025-10-03 10:00:00,60,7,0.235,12309,11881,428,COKE_16OZ,A,Breakdown,96.57,230.78,12.8
ATL01,L2,CASE04,2025-10-01 11:00:00,60,17,0.83,2982,2900,82,COKE_16OZ,C,Breakdown,84.14,56.82,13.53
ATL01,L1,LBLR03,2025-10-09 14:00:00,60,8,0.344,8105,7885,220,COKE_12OZ,B,Blocked,90.15,154.25,15.68
ATL01,L1,CAPR02,2025-10-05 11:00:00,60,18,0.331,7330,7229,101,COKE_12OZ,B,Breakdown,83.7,145.0,13.39
ATL02,L2,FILL01,2025-10-05 12:00:00,60,1,0.254,13292,12641,651,COKE_16OZ,A,Blocked,93.33,258.24,17.93
ATL01,L2,LBLR03,2025-10-07 14:00:00,60,10,0.362,7628,7205,423,DIET_12OZ,C,Breakdown,90.63,144.27,11.66
ATL02,L1,CASE04,2025-10-08 06:00:00,60,0,0.848,3992,3822,170,COKE_16OZ,C,None,91.8,64.81,16.51
ATL01,L2,CASE04,2025-10-10 08:00:00,60,7,0.832,3836,3671,165,COKE_12OZ,B,Breakdown,94.55,75.57,16.59
ATL02,L2,FILL01,2025-10-09 08:00:00,60,10,0.225,11893,11767,126,DIET_12OZ,A,Changeover,91.95,235.66,17.54
ATL01,L2,LBLR03,2025-10-05 15:00:00,60,10,0.372,6602,6445,157,COKE_16OZ,A,Blocked,86.71,124.94,16.87
ATL02,L1,FILL01,2025-10-08 13:00:00,60,10,0.252,10863,10384,479,COKE_12OZ,A,PM,89.08,233.72,19.97
ATL02,L1,LBLR03,2025-10-02 11:00:00,60,0,0.359,9917,9679,238,SPRITE_12OZ,A,Breakdown,96.45,205.85,19.43
ATL02,L2,FILL01,2025-10-09 07:00:00,60,24,0.237,7954,7664,290,COKE_12OZ,B,Starved,83.63,143.7,9.19
ATL02,L1,CASE04,2025-10-10 13:00:00,60,9,0.758,3064,2991,73,SPRITE_12OZ,B,Blocked,88.19,70.05,14.72
ATL01,L1,FILL01,2025-10-08 15:00:00,60,4,0.249,13185,12756,429,COKE_12OZ,A,Breakdown,92.38,250.65,15.0
ATL01,L2,CAPR02,2025-10-10 07:00:00,60,14,0.305,8749,8371,378,SPRITE_12OZ,B,Blocked,90.6,191.55,12.92
ATL01,L1,CASE04,2025-10-07 15:00:00,60,11,0.865,3008,2956,52,COKE_12OZ,B,Breakdown,90.39,60.78,13.15
ATL01,L1,FILL01,2025-10-03 07:00:00,60,1,0.236,13716,13035,681,DIET_12OZ,C,None,100.73,282.66,16.94
ATL02,L3,CAPR02,2025-10-04 08:00:00,60,11,0.306,7118,6956,162,COKE_12OZ,A,Changeover,89.34,143.69,15.25
ATL02,L3,FILL01,2025-10-08 09:00:00,60,12,0.271,8831,8512,319,DIET_12OZ,A,None,81.74,181.14,13.63
ATL01,L2,CASE04,2025-10-01 10:00:00,60,10,0.873,3092,2994,98,DIET_12OZ,A,Starved,88.37,73.67,13.86
ATL02,L2,CAPR02,2025-10-03 15:00:00,60,14,0.316,8429,8189,240,DIET_12OZ,C,Starved,92.26,177.82,12.96
ATL02,L2,FILL01,2025-10-07 14:00:00,60,7,0.253,12670,12382,288,DIET_12OZ,A,Changeover,89.61,251.83,19.51
ATL01,L3,CASE04,2025-10-10 13:00:00,60,6,0.84,3813,3799,14,COKE_16OZ,A,Changeover,100.9,58.38,18.79
ATL01,L1,FILL01,2025-10-06 13:00:00,60,13,0.244,9192,8722,470,COKE_16OZ,C,Breakdown,82.0,186.7,12.55
ATL01,L3,CAPR02,2025-10-03 06:00:00,60,0,0.3,13121,12706,415,DIET_12OZ,A,Breakdown,99.74,254.34,17.37
ATL01,L1,FILL01,2025-10-05 13:00:00,60,9,0.267,8759,8561,198,COKE_16OZ,C,PM,88.87,170.07,15.18
ATL02,L3,FILL01,2025-10-02 15:00:00,60,1,0.234,10153,9854,299,SPRITE_12OZ,C,Starved,106.08,219.67,16.79
ATL02,L1,LBLR03,2025-10-01 09:00:00,60,7,0.344,7881,7637,244,COKE_12OZ,C,Changeover,94.51,174.4,12.01
ATL02,L1,FILL01,2025-10-03 08:00:00,60,7,0.23,10557,10049,508,COKE_16OZ,C,Breakdown,91.52,219.21,16.39
ATL02,L1,CASE04,2025-10-08 15:00:00,60,3,0.865,3640,3547,93,COKE_12OZ,A,Breakdown,90.53,86.13,18.82
ATL01,L1,CAPR02,2025-10-06 08:00:00,60,18,0.298,8057,8029,28,DIET_12OZ,A,None,83.36,158.68,10.34
ATL01,L1,CASE04,2025-10-06 13:00:00,60,6,0.822,3546,3487,59,SPRITE_12OZ,A,Starved,90.04,62.72,17.9
ATL02,L2,CAPR02,2025-10-05 14:00:00,60,8,0.324,8120,8021,99,COKE_16OZ,A,Breakdown,87.01,147.77,17.34
ATL02,L1,FILL01,2025-10-04 15:00:00,60,8,0.266,10150,9585,565,COKE_16OZ,C,Breakdown,96.69,207.44,13.16
ATL02,L3,LBLR03,2025-10-06 11:00:00,60,7,0.328,9430,9430,0,DIET_12OZ,A,PM,95.41,185.6,13.96
ATL02,L3,CAPR02,2025-10-02 08:00:00,60,17,0.288,9184,8840,344,COKE_16OZ,B,Starved,83.66,185.14,13.99
ATL01,L1,FILL01,2025-10-05 11:00:00,60,0,0.268,11641,11547,94,COKE_12OZ,C,None,98.03,214.22,16.73
ATL01,L1,CAPR02,2025-10-08 09:00:00,60,2,0.309,9897,9718,179,COKE_12OZ,A,PM,89.72,186.88,17.66
ATL01,L1,LBLR03,2025-10-07 06:00:00,60,3,0.373,8237,8215,22,DIET_12OZ,B,None,98.9,169.93,18.02
ATL02,L1,CASE04,2025-10-07 12:00:00,60,13,0.793,3117,3072,45,SPRITE_12OZ,C,Breakdown,92.01,53.9,15.52
ATL02,L2,CAPR02,2025-10-03 10:00:00,60,5,0.31,10479,10263,216,COKE_16OZ,A,Breakdown,89.66,215.15,20.55
ATL02,L1,FILL01,2025-10-04 10:00:00,60,0,0.271,14311,13933,378,SPRITE_12OZ,A,None,91.6,305.28,17.05
ATL01,L3,CAPR02,2025-10-02 11:00:00,60,0,0.315,11055,10507,548,SPRITE_12OZ,B,None,104.59,221.97,19.83
ATL02,L1,FILL01,2025-10-08 11:00:00,60,13,0.259,10384,10172,212,SPRITE_12OZ,C,PM,79.16,202.47,16.22
ATL02,L2,FILL01,2025-10-02 11:00:00,60,3,0.252,13947,13061,886,SPRITE_12OZ,A,Breakdown,92.69,284.63,20.3
ATL02,L3,FILL01,2025-10-08 08:00:00,60,9,0.245,12384,12287,97,COKE_16OZ,A,Starved,95.09,240.07,15.56
ATL02,L1,CASE04,2025-10-07 14:00:00,60,3,0.765,3952,3930,22,COKE_16OZ,B,Blocked,100.66,96.21,20.37
ATL01,L1,CASE04,2025-10-09 06:00:00,60,5,0.726,3361,3273,88,COKE_12OZ,C,Blocked,91.58,75.57,14.77
ATL01,L2,LBLR03,2025-10-02 06:00:00,60,4,0.367,8328,7754,574,SPRITE_12OZ,C,Blocked,97.91,179.42,18.28
ATL01,L2,CASE04,2025-10-09 15:00:00,60,17,0.854,2811,2725,86,SPRITE_12OZ,B,PM,89.03,63.54,12.38
ATL02,L1,FILL01,2025-10-06 12:00:00,60,10,0.254,9810,9741,69,COKE_12OZ,A,Starved,92.09,214.87,17.4
ATL01,L3,CAPR02,2025-10-05 09:00:00,60,0,0.283,10225,10051,174,SPRITE_12OZ,B,None,100.05,199.3,17.02
ATL02,L1,FILL01,2025-10-06 14:00:00,60,4,0.225,13934,13829,105,COKE_16OZ,A,PM,97.82,269.99,14.33
ATL02,L2,LBLR03,2025-10-05 12:00:00,60,0,0.35,9385,8688,697,COKE_16OZ,C,None,96.2,180.42,18.75
ATL01,L3,LBLR03,2025-10-03 10:00:00,60,2,0.358,8658,8324,334,DIET_12OZ,B,PM,84.79,176.5,18.33
ATL02,L1,CAPR02,2025-10-01 08:00:00,60,4,0.314,9837,9491,346,COKE_16OZ,B,Blocked,94.62,205.46,19.56
ATL02,L2,CAPR02,2025-10-03 08:00:00,60,14,0.277,9391,9074,317,COKE_12OZ,C,Breakdown,91.92,160.79,15.2
ATL02,L1,CAPR02,2025-10-05 12:00:00,60,4,0.288,10588,10254,334,COKE_16OZ,B,PM,101.37,204.83,13.73
ATL02,L1,LBLR03,2025-10-09 12:00:00,60,15,0.37,5603,5513,90,COKE_16OZ,A,Blocked,88.53,117.59,17.94
ATL01,L2,FILL01,2025-10-08 10:00:00,60,0,0.243,13229,12823,406,COKE_16OZ,A,None,98.8,278.2,17.53
ATL01,L2,FILL01,2025-10-02 11:00:00,60,17,0.241,8655,8384,271,SPRITE_12OZ,A,Starved,85.76,177.05,11.63
ATL01,L2,CASE04,2025-10-10 15:00:00,60,13,0.768,2684,2559,125,COKE_16OZ,B,Breakdown,93.91,51.58,13.82
ATL01,L2,CAPR02,2025-10-06 11:00:00,60,4,0.302,10016,9725,291,COKE_16OZ,B,Changeover,86.83,190.92,15.66
ATL02,L3,CASE04,2025-10-03 12:00:00,60,15,0.825,2895,2834,61,COKE_12OZ,A,Breakdown,85.82,63.91,10.55
ATL01,L2,CASE04,2025-10-01 14:00:00,60,7,0.755,3781,3767,14,SPRITE_12OZ,A,Blocked,96.34,74.05,18.03
ATL02,L3,CASE04,2025-10-03 09:00:00,60,0,0.793,4466,4362,104,COKE_12OZ,C,None,94.31,87.64,20.24
ATL02,L1,CAPR02,2025-10-02 06:00:00,60,4,0.339,8369,8365,4,COKE_12OZ,B,PM,93.39,160.73,20.25
ATL01,L1,CASE04,2025-10-04 06:00:00,60,5,0.794,3814,3661,153,COKE_16OZ,A,Starved,99.82,90.76,15.87
ATL01,L1,CASE04,2025-10-02 15:00:00,60,18,0.812,3045,2992,53,SPRITE_12OZ,B,PM,87.91,60.83,15.29
ATL01,L2,FILL01,2025-10-09 15:00:00,60,8,0.255,11237,11018,219,DIET_12OZ,A,Blocked,92.84,225.94,15.73
ATL01,L2,CAPR02,2025-10-09 11:00:00,60,10,0.307,8847,8416,431,COKE_16OZ,B,Breakdown,93.71,177.24,13.14
ATL01,L3,FILL01,2025-10-08 13:00:00,60,12,0.269,9563,9495,68,DIET_12OZ,C,Breakdown,89.01,193.92,13.96
ATL02,L2,CASE04,2025-10-02 08:00:00,60,22,0.819,2474,2374,100,COKE_12OZ,A,Breakdown,88.98,40.72,11.35
ATL02,L2,LBLR03,2025-10-10 07:00:00,60,15,0.331,5903,5750,153,COKE_16OZ,B,Breakdown,101.88,117.94,11.37
ATL01,L1,CASE04,2025-10-05 07:00:00,60,6,0.789,2985,2908,77,DIET_12OZ,C,PM,95.64,56.53,16.07
ATL02,L2,FILL01,2025-10-05 09:00:00,60,10,0.265,10165,10029,136,COKE_12OZ,A,None,95.55,207.64,13.62
ATL02,L2,CAPR02,2025-10-10 15:00:00,60,3,0.298,10161,9921,240,COKE_12OZ,B,Blocked,95.45,193.4,18.74
ATL02,L3,CASE04,2025-10-10 11:00:00,60,6,0.841,3034,3001,33,COKE_16OZ,B,Breakdown,99.84,66.85,16.5
ATL02,L1,FILL01,2025-10-07 06:00:00,60,0,0.238,11991,11037,954,COKE_12OZ,B,None,102.3,233.88,20.22
ATL02,L2,CASE04,2025-10-05 14:00:00,60,7,0.711,3567,3426,141,DIET_12OZ,C,PM,97.82,88.82,14.12
ATL01,L3,LBLR03,2025-10-09 10:00:00,60,8,0.354,7742,7339,403,COKE_12OZ,C,Changeover,91.02,147.56,17.26
ATL02,L2,LBLR03,2025-10-04 06:00:00,60,5,0.359,8124,7608,516,DIET_12OZ,A,PM,100.93,149.48,18.24
ATL02,L2,CASE04,2025-10-09 14:00:00,60,15,0.827,2663,2638,25,SPRITE_12OZ,A,Changeover,89.24,59.66,10.89
ATL01,L2,CAPR02,2025-10-08 15:00:00,60,0,0.285,12392,12333,59,DIET_12OZ,A,None,91.15,248.72,19.95
ATL01,L2,LBLR03,2025-10-04 12:00:00,60,5,0.386,8550,8274,276,COKE_16OZ,B,Breakdown,89.93,175.02,17.49
ATL02,L3,FILL01,2025-10-10 11:00:00,60,5,0.244,12651,12301,350,SPRITE_12OZ,A,Starved,91.6,240.05,12.12
ATL01,L3,FILL01,2025-10-04 12:00:00,60,8,0.238,13118,12700,418,COKE_12OZ,B,None,100.03,259.72,17.53
ATL02,L1,CASE04,2025-10-02 13:00:00,60,9,0.819,3461,3369,92,COKE_12OZ,C,Breakdown,94.84,62.12,15.26
ATL01,L3,FILL01,2025-10-09 08:00:00,60,3,0.257,10491,10456,35,SPRITE_12OZ,C,Breakdown,94.65,199.65,12.5
ATL01,L2,LBLR03,2025-10-04 14:00:00,60,8,0.364,8088,7915,173,COKE_12OZ,C,Changeover,91.19,163.06,15.12
ATL02,L2,CASE04,2025-10-04 12:00:00,60,3,0.766,4230,3999,231,COKE_12OZ,C,PM,92.67,89.18,13.02
ATL02,L2,LBLR03,2025-10-01 11:00:00,60,15,0.326,7317,7079,238,COKE_12OZ,C,Changeover,83.37,134.86,12.21
ATL01,L2,CAPR02,2025-10-09 13:00:00,60,4,0.316,10901,10705,196,COKE_16OZ,C,Blocked,88.83,209.69,15.69
ATL01,L2,CASE04,2025-10-04 15:00:00,60,12,0.809,2833,2652,181,DIET_12OZ,C,Blocked,89.29,72.98,12.89
ATL02,L3,CAPR02,2025-10-08 06:00:00,60,9,0.3,9607,9495,112,DIET_12OZ,A,Starved,94.27,175.86,12.71
ATL01,L3,CASE04,2025-10-10 06:00:00,60,8,0.818,4296,4282,14,SPRITE_12OZ,A,PM,95.01,78.92,15.27
ATL01,L2,FILL01,2025-10-06 06:00:00,60,7,0.255,10593,9500,1093,SPRITE_12OZ,B,Changeover,94.25,222.7,13.87
ATL01,L3,LBLR03,2025-10-01 09:00:00,60,18,0.336,6544,6389,155,COKE_16OZ,C,Breakdown,85.21,114.76,14.5
ATL02,L1,CAPR02,2025-10-04 09:00:00,60,11,0.289,9239,8984,255,DIET_12OZ,B,Blocked,90.84,186.96,15.73
ATL02,L1,CAPR02,2025-10-01 13:00:00,60,7,0.277,10399,9716,683,SPRITE_12OZ,B,Breakdown,95.53,210.15,16.85
ATL01,L1,LBLR03,2025-10-08 11:00:00,60,1,0.352,9023,8762,261,COKE_12OZ,C,Starved,98.11,176.16,18.67
ATL01,L2,CAPR02,2025-10-10 14:00:00,60,2,0.3,9750,9320,430,SPRITE_12OZ,B,PM,91.77,186.88,18.87
ATL01,L1,CASE04,2025-10-10 14:00:00,60,9,0.732,3760,3682,78,DIET_12OZ,B,PM,90.71,69.78,17.91
ATL01,L1,FILL01,2025-10-01 10:00:00,60,7,0.222,13995,13651,344,COKE_12OZ,A,Changeover,89.68,299.02,18.16
ATL01,L3,FILL01,2025-10-08 14:00:00,60,1,0.258,12472,12280,192,COKE_12OZ,C,Changeover,99.43,242.18,16.89
ATL02,L2,CAPR02,2025-10-10 08:00:00,60,0,0.292,11842,11646,196,SPRITE_12OZ,B,None,100.68,258.86,14.91
ATL02,L3,CAPR02,2025-10-02 10:00:00,60,14,0.27,10918,10348,570,SPRITE_12OZ,B,Breakdown,75.7,236.04,13.75
ATL02,L1,CAPR02,2025-10-01 07:00:00,60,14,0.31,8335,7858,477,COKE_16OZ,A,Starved,99.29,163.46,13.31
ATL02,L1,CAPR02,2025-10-07 09:00:00,60,7,0.315,9479,9319,160,SPRITE_12OZ,B,Breakdown,91.91,196.69,22.03
ATL01,L3,LBLR03,2025-10-01 11:00:00,60,4,0.337,8279,8186,93,COKE_16OZ,B,Starved,96.38,163.0,9.81
ATL02,L2,LBLR03,2025-10-05 15:00:00,60,0,0.331,9150,8657,493,COKE_12OZ,A,None,102.75,185.43,14.93
ATL02,L1,CASE04,2025-10-03 07:00:00,60,15,0.796,3039,2940,99,SPRITE_12OZ,B,PM,87.58,52.88,15.78
ATL02,L2,LBLR03,2025-10-08 11:00:00,60,9,0.372,7833,7585,248,COKE_12OZ,B,Starved,82.06,148.05,16.65
ATL02,L3,FILL01,2025-10-06 07:00:00,60,0,0.237,13851,13706,145,SPRITE_12OZ,A,None,102.68,285.78,17.07
ATL02,L3,LBLR03,2025-10-02 09:00:00,60,0,0.334,100,120,0,COKE_16OZ,C,None,95.55,188.39,17.05
ATL02,L2,LBLR03,2025-10-02 07:00:00,60,2,0.35,9061,8829,232,COKE_16OZ,A,Breakdown,97.31,193.08,16.91
ATL01,L3,CAPR02,2025-10-09 12:00:00,60,0,0.281,11514,11193,321,COKE_12OZ,A,None,101.5,235.76,17.93
ATL01,L3,CAPR02,2025-10-09 08:00:00,60,17,0.295,8690,8538,152,DIET_12OZ,C,None,80.62,180.49,13.36
ATL02,L1,CASE04,2025-10-10 12:00:00,60,6,0.798,3651,3572,79,COKE_12OZ,A,Blocked,83.08,73.14,15.57
ATL02,L1,CAPR02,2025-10-10 09:00:00,60,13,0.285,8940,8703,237,COKE_16OZ,C,Blocked,99.87,165.96,12.51
ATL01,L3,FILL01,2025-10-02 15:00:00,60,9,0.255,7517,7335,182,DIET_12OZ,C,Breakdown,85.78,162.45,16.42
ATL02,L2,CASE04,2025-10-02 10:00:00,60,3,0.812,3737,3600,137,SPRITE_12OZ,B,Starved,96.83,78.96,20.19
ATL02,L2,CAPR02,2025-10-08 11:00:00,60,0,0.302,10565,9906,659,COKE_12OZ,B,None,99.61,204.62,20.16
ATL01,L2,CAPR02,2025-10-01 07:00:00,0,11,0.288,9983,9227,756,SPRITE_12OZ,B,Breakdown,97.68,207.9,15.42
ATL02,L2,CASE04,2025-10-10 06:00:00,60,5,0.828,3629,3468,161,SPRITE_12OZ,C,Breakdown,85.43,65.43,15.22
ATL02,L1,CASE04,2025-10-09 11:00:00,60,7,0.777,3043,2899,144,SPRITE_12OZ,A,None,87.5,52.15,14.17
ATL01,L2,CASE04,2025-10-01 08:00:00,60,9,0.891,3246,3246,0,COKE_12OZ,B,Breakdown,90.84,69.05,15.05
ATL02,L1,LBLR03,2025-10-01 08:00:00,60,8,0.35,7667,7147,520,SPRITE_12OZ,B,None,87.89,144.21,14.57
ATL02,L2,FILL01,2025-10-04 10:00:00,60,0,0.228,13363,13007,356,DIET_12OZ,C,None,104.73,275.25,16.32
ATL02,L1,CAPR02,2025-10-01 09:00:00,60,7,0.307,8872,8569,303,DIET_12OZ,C,Blocked,96.55,172.79,14.55
ATL01,L2,LBLR03,2025-10-08 09:00:00,60,17,0.326,6428,6251,177,SPRITE_12OZ,A,Changeover,83.38,126.85,16.58
ATL01,L1,CAPR02,2025-10-01 06:00:00,60,7,0.296,11092,10589,503,SPRITE_12OZ,B,Breakdown,90.38,227.27,15.09
ATL01,L3,LBLR03,2025-10-01 15:00:00,60,6,0.339,9549,9115,434,COKE_12OZ,B,Blocked,94.49,199.68,17.12
ATL01,L3,FILL01,2025-10-06 09:00:00,60,16,0.246,10307,9859,448,DIET_12OZ,B,Changeover,84.8,188.09,12.56
ATL01,L1,FILL01,2025-10-06 12:00:00,60,14,0.233,9915,9609,306,COKE_16OZ,C,Blocked,86.26,200.6,9.34
ATL02,L2,FILL01,2025-10-05 15:00:00,60,1,0.248,13773,13054,719,SPRITE_12OZ,B,Changeover,98.94,257.35,18.54
ATL01,L3,CASE04,2025-10-06 13:00:00,60,8,0.835,3319,3136,183,DIET_12OZ,C,Breakdown,94.44,62.86,16.6
ATL01,L3,FILL01,2025-10-02 10:00:00,60,12,0.256,9650,9288,362,COKE_16OZ,A,None,90.93,194.98,13.88
ATL02,L2,LBLR03,2025-10-04 14:00:00,60,5,0.345,7660,7356,304,COKE_12OZ,C,Breakdown,96.58,145.28,12.13
ATL01,L1,CAPR02,2025-10-08 13:00:00,60,11,0.302,9143,8886,257,COKE_16OZ,B,Starved,88.77,175.31,15.65
ATL01,L2,CAPR02,2025-10-08 07:00:00,60,0,0.272,12115,11815,300,COKE_12OZ,C,None,99.99,239.78,22.04
ATL02,L2,CAPR02,2025-10-07 14:00:00,60,15,0.328,7797,7690,107,SPRITE_12OZ,A,PM,88.92,161.18,10.96
ATL02,L2,CASE04,2025-10-05 11:00:00,60,4,0.719,4305,4304,1,COKE_12OZ,B,Starved,95.55,78.91,13.78
ATL02,L1,LBLR03,2025-10-01 10:00:00,60,17,0.334,7146,6902,244,DIET_12OZ,C,Blocked,79.9,140.57,10.88
ATL01,L1,LBLR03,2025-10-01 09:00:00,60,0,0.356,9877,9682,195,SPRITE_12OZ,A,None,104.05,196.03,17.25
ATL02,L1,CASE04,2025-10-07 13:00:00,60,20,0.744,3042,2904,138,COKE_12OZ,C,Changeover,77.03,63.68,12.49
ATL02,L3,LBLR03,2025-10-05 06:00:00,60,0,0.354,10153,9991,162,COKE_16OZ,A,None,109.33,204.22,14.63
ATL02,L3,CAPR02,2025-10-03 10:00:00,60,4,0.304,8040,7908,132,COKE_12OZ,B,PM,94.83,157.18,20.61
ATL02,L3,LBLR03,2025-10-03 11:00:00,60,4,0.34,9197,9008,189,SPRITE_12OZ,B,Blocked,98.18,172.28,16.75
ATL01,L2,FILL01,2025-10-05 06:00:00,60,3,0.236,11877,11185,692,COKE_16OZ,C,Changeover,94.9,237.7,17.18
ATL02,L1,FILL01,2025-10-07 14:00:00,60,11,0.243,11451,11353,98,COKE_16OZ,A,None,92.45,227.51,14.68
ATL01,L2,CASE04,2025-10-09 09:00:00,60,1,0.772,4281,4080,201,SPRITE_12OZ,A,None,100.3,82.17,18.28
ATL02,L3,FILL01,2025-10-06 15:00:00,60,14,0.235,9774,9441,333,DIET_12OZ,B,Blocked,80.71,202.8,15.74
ATL02,L3,FILL01,2025-10-06 14:00:00,60,2,0.244,12223,11808,415,COKE_16OZ,C,Starved,99.51,222.74,17.53
ATL02,L2,FILL01,2025-10-10 09:00:00,60,20,0.251,8282,7834,448,COKE_12OZ,B,Starved,82.82,169.38,13.84
ATL02,L3,FILL01,2025-10-04 14:00:00,60,2,0.264,11616,11126,490,COKE_16OZ,A,Breakdown,97.01,226.45,17.78
ATL01,L1,CAPR02,2025-10-07 06:00:00,60,14,0.308,8288,8118,170,COKE_12OZ,C,Starved,83.48,155.13,14.07
ATL02,L1,LBLR03,2025-10-10 13:00:00,60,14,0.371,5836,5609,227,DIET_12OZ,A,Starved,90.9,125.64,11.52
ATL01,L1,CASE04,2025-10-04 09:00:00,60,8,0.768,4088,4003,85,COKE_12OZ,A,None,91.69,82.34,17.41
ATL02,L2,LBLR03,2025-10-10 09:00:00,60,10,0.344,7631,7296,335,COKE_16OZ,B,Breakdown,93.75,150.28,12.7
ATL01,L1,CASE04,2025-10-05 12:00:00,60,12,0.803,3130,3053,77,COKE_12OZ,C,Starved,90.74,57.86,13.7
ATL02,L1,CASE04,2025-10-08 11:00:00,60,14,0.785,3368,3341,27,COKE_12OZ,C,PM,78.35,54.99,13.0
ATL02,L2,CAPR02,2025-10-04 14:00:00,60,11,0.304,8381,8059,322,DIET_12OZ,C,Breakdown,89.88,161.31,15.37
ATL02,L3,CAPR02,2025-10-04 12:00:00,60,8,0.33,8059,7624,435,COKE_12OZ,A,PM,90.24,145.65,14.9
ATL01,L1,LBLR03,2025-10-07 10:00:00,60,3,0.333,10349,9771,578,COKE_16OZ,B,None,94.03,219.26,16.75
ATL02,L1,CAPR02,2025-10-08 15:00:00,60,8,0.291,8723,8640,83,DIET_12OZ,C,Blocked,94.64,184.94,14.7
ATL01,L3,FILL01,2025-10-04 11:00:00,60,8,0.254,12140,11805,335,COKE_12OZ,C,None,90.33,237.95,16.15
ATL02,L2,LBLR03,2025-10-09 14:00:00,60,9,0.333,8643,8484,159,COKE_12OZ,C,PM,90.28,172.28,16.9
ATL02,L3,FILL01,2025-10-02 14:00:00,60,5,0.261,11322,10918,404,COKE_12OZ,B,Starved,93.16,242.51,17.63
ATL02,L3,FILL01,2025-10-07 09:00:00,60,9,0.241,10103,9867,236,DIET_12OZ,B,Starved,90.48,214.37,11.84
ATL01,L1,LBLR03,2025-10-05 13:00:00,60,17,0.369,5824,5747,77,DIET_12OZ,C,PM,83.93,119.56,11.94
ATL01,L2,FILL01,2025-10-02 09:00:00,60,2,0.27,11107,10636,471,COKE_12OZ,C,Blocked,102.2,251.79,17.26
ATL02,L2,FILL01,2025-10-07 13:00:00,60,7,0.252,11940,11528,412,SPRITE_12OZ,A,Changeover,86.54,249.64,16.37
ATL01,L3,CASE04,2025-10-02 10:00:00,60,2,0.825,3607,3361,246,SPRITE_12OZ,C,None,95.7,74.31,19.24
ATL01,L1,FILL01,2025-10-03 15:00:00,60,0,0.268,11435,11040,395,COKE_12OZ,B,None,107.01,232.53,18.96
ATL02,L2,LBLR03,2025-10-06 15:00:00,60,12,0.346,7707,7569,138,DIET_12OZ,B,Blocked,83.2,144.96,15.02
ATL02,L2,FILL01,2025-10-08 10:00:00,60,11,0.245,11129,10939,190,SPRITE_12OZ,B,Starved,91.4,218.29,15.51
ATL02,L1,CAPR02,2025-10-10 10:00:00,60,4,0.31,8538,8385,153,COKE_16OZ,C,Changeover,94.4,158.95,14.41
ATL01,L1,CASE04,2025-10-09 07:00:00,60,8,0.83,3316,3186,130,COKE_16OZ,C,Changeover,94.96,74.78,15.24
ATL01,L3,CASE04,2025-10-01 12:00:00,60,6,0.708,4128,3933,195,DIET_12OZ,B,Breakdown,95.17,78.98,17.86
ATL01,L1,LBLR03,2025-10-04 06:00:00,60,11,0.327,8049,7742,307,SPRITE_12OZ,C,None,89.35,162.11,12.96
ATL02,L1,LBLR03,2025-10-06 06:00:00,60,17,0.359,6847,6785,62,DIET_12OZ,C,Breakdown,91.47,153.35,19.3
ATL02,L3,CASE04,2025-10-04 13:00:00,60,14,0.768,3049,2977,72,DIET_12OZ,B,Starved,95.09,56.62,14.07
ATL02,L1,CASE04,2025-10-04 10:00:00,60,8,0.879,3482,3284,198,COKE_16OZ,B,Breakdown,87.87,64.79,18.06
ATL01,L3,LBLR03,2025-10-03 08:00:00,60,13,0.352,6866,6570,296,SPRITE_12OZ,B,Breakdown,95.25,133.75,15.69
ATL01,L3,CAPR02,2025-10-03 11:00:00,60,15,0.283,8309,7991,318,DIET_12OZ,B,Starved,93.33,177.84,13.04
ATL02,L1,LBLR03,2025-10-02 15:00:00,60,9,0.347,8320,7761,559,DIET_12OZ,C,Changeover,85.31,162.9,15.78
ATL02,L2,CAPR02,2025-10-03 14:00:00,60,5,0.295,10917,10363,554,DIET_12OZ,C,Starved,97.6,208.82,17.31
ATL01,L1,LBLR03,2025-10-08 06:00:00,60,4,0.351,7235,7194,41,COKE_12OZ,C,PM,94.1,136.83,15.17
ATL01,L1,FILL01,2025-10-09 06:00:00,60,4,0.255,11566,11420,146,COKE_12OZ,A,PM,91.67,240.13,16.71
ATL01,L2,FILL01,2025-10-06 10:00:00,60,0,0.249,11975,11707,268,SPRITE_12OZ,A,None,100.73,232.0,15.51
ATL01,L3,CASE04,2025-10-09 06:00:00,60,11,0.839,3055,2918,137,COKE_16OZ,B,Breakdown,88.77,50.28,13.9
ATL02,L2,CASE04,2025-10-09 15:00:00,60,5,0.832,3595,3494,101,COKE_16OZ,B,Blocked,87.91,60.37,18.53
ATL01,L3,FILL01,2025-10-04 13:00:00,60,18,0.265,7682,7368,314,COKE_12OZ,A,Breakdown,87.79,138.72,12.86
ATL02,L3,CASE04,2025-10-09 08:00:00,60,6,0.794,3571,3488,83,COKE_12OZ,A,Breakdown,82.9,81.35,21.95
ATL01,L3,CAPR02,2025-10-10 06:00:00,60,14,0.331,7182,6789,393,DIET_12OZ,C,Changeover,84.0,144.46,15.53
ATL01,L2,LBLR03,2025-10-04 13:00:00,60,7,0.363,8351,7913,438,COKE_12OZ,C,Breakdown,88.46,158.68,15.68
ATL01,L1,CAPR02,2025-10-05 10:00:00,60,11,0.301,7673,7365,308,COKE_12OZ,B,Changeover,94.35,172.81,17.36
ATL01,L1,LBLR03,2025-10-01 10:00:00,60,14,0.353,7442,7384,58,DIET_12OZ,B,Changeover,82.15,156.75,14.94
ATL01,L1,CASE04,2025-10-10 07:00:00,60,15,0.854,2593,2537,56,COKE_16OZ,C,Breakdown,82.28,55.0,12.75
ATL01,L3,CASE04,2025-10-05 14:00:00,60,0,0.764,4340,4063,277,DIET_12OZ,A,None,95.72,96.45,20.25
ATL02,L3,CAPR02,2025-10-03 11:00:00,60,9,0.288,8803,8543,260,COKE_12OZ,C,PM,82.38,159.73,14.84
ATL02,L1,CASE04,2025-10-02 11:00:00,60,14,0.772,3368,3305,63,DIET_12OZ,C,Breakdown,88.82,55.94,13.25
ATL02,L1,CAPR02,2025-10-03 07:00:00,60,13,0.283,8623,8467,156,DIET_12OZ,A,None,81.37,187.04,13.01
ATL01,L1,CAPR02,2025-10-08 10:00:00,60,0,0.329,10447,10304,143,COKE_16OZ,B,None,98.88,196.44,17.47
ATL01,L3,FILL01,2025-10-08 06:00:00,60,5,0.245,11923,11175,748,COKE_12OZ,C,Changeover,93.08,238.26,15.54
ATL01,L1,CAPR02,2025-10-03 15:00:00,60,0,0.291,10826,10470,356,DIET_12OZ,B,None,100.46,218.24,15.88
ATL02,L1,FILL01,2025-10-02 09:00:00,60,15,0.234,9968,9600,368,COKE_12OZ,B,Breakdown,85.79,204.13,13.66
ATL02,L1,FILL01,2025-10-02 07:00:00,60,17,0.241,9500,9320,180,SPRITE_12OZ,A,Breakdown,93.49,175.52,8.38
ATL02,L2,FILL01,2025-10-06 11:00:00,60,6,0.261,10661,10218,443,SPRITE_12OZ,B,Blocked,92.8,224.44,17.07
ATL02,L3,LBLR03,2025-10-01 08:00:00,60,10,0.348,9216,8654,562,DIET_12OZ,C,Breakdown,85.21,178.35,14.76
ATL02,L1,CAPR02,2025-10-09 12:00:00,60,16,0.286,6690,6516,174,DIET_12OZ,B,Changeover,100.37,138.39,12.88
ATL01,L1,CASE04,2025-10-09 09:00:00,60,13,0.805,2850,2795,55,COKE_12OZ,C,Changeover,84.92,47.96,10.42
ATL02,L2,FILL01,2025-10-01 09:00:00,60,15,0.243,11982,11742,240,SPRITE_12OZ,A,Blocked,84.71,244.89,20.0
ATL02,L2,CAPR02,2025-10-04 10:00:00,60,10,0.306,7143,6839,304,SPRITE_12OZ,B,Changeover,94.26,136.94,15.19
ATL01,L2,FILL01,2025-10-09 09:00:00,60,17,0.235,11375,10833,542,DIET_12OZ,A,Changeover,80.95,224.44,13.33
ATL02,L3,CASE04,2025-10-04 11:00:00,60,3,0.759,3885,3814,71,DIET_12OZ,A,Breakdown,102.1,66.31,16.21
ATL02,L2,CAPR02,2025-10-06 09:00:00,60,6,0.319,7819,7414,405,COKE_12OZ,A,Changeover,97.75,176.26,20.77
ATL01,L1,LBLR03,2025-10-04 08:00:00,60,15,0.402,5268,5249,19,SPRITE_12OZ,A,None,88.03,110.83,14.46
ATL01,L3,CAPR02,2025-10-03 09:00:00,60,0,0.262,15083,14843,240,COKE_12OZ,B,None,103.8,302.87,17.03
ATL02,L1,CAPR02,2025-10-05 15:00:00,60,16,0.307,8151,8066,85,DIET_12OZ,C,Changeover,83.45,162.6,12.92
ATL02,L2,FILL01,2025-10-07 06:00:00,60,0,0.24,15040,14789,251,DIET_12OZ,A,None,101.61,288.1,19.34
ATL02,L1,CAPR02,2025-10-08 12:00:00,60,2,0.309,10386,10168,218,SPRITE_12OZ,C,Changeover,103.05,196.57,15.41
ATL01,L3,LBLR03,2025-10-03 12:00:00,60,17,0.358,5664,5435,229,DIET_12OZ,B,Starved,79.99,115.2,12.91
ATL02,L3,CASE04,2025-10-07 11:00:00,60,6,0.842,3233,3136,97,COKE_16OZ,A,Blocked,98.77,66.01,15.66
ATL01,L1,FILL01,2025-10-02 07:00:00,60,0,0.248,11620,11066,554,DIET_12OZ,A,None,93.25,223.99,17.98
ATL02,L2,LBLR03,2025-10-06 06:00:00,60,0,0.361,9301,8858,443,COKE_16OZ,A,None,100.94,185.18,18.67
ATL01,L2,CASE04,2025-10-05 13:00:00,60,14,0.822,2702,2529,173,SPRITE_12OZ,C,None,78.21,61.09,16.75
ATL02,L3,LBLR03,2025-10-03 14:00:00,60,12,0.329,7829,7743,86,COKE_12OZ,B,Changeover,86.06,163.44,14.5
ATL02,L3,FILL01,2025-10-03 09:00:00,60,10,0.252,11036,10735,301,SPRITE_12OZ,C,Breakdown,94.27,228.65,11.58
ATL02,L2,FILL01,2025-10-06 13:00:00,60,6,0.244,11611,11129,482,DIET_12OZ,C,Changeover,95.8,228.31,15.8
ATL01,L1,CASE04,2025-10-10 09:00:00,60,4,0.833,3049,3002,47,COKE_12OZ,A,None,97.9,54.4,17.6
ATL02,L3,LBLR03,2025-10-08 08:00:00,60,8,0.329,9387,8729,658,DIET_12OZ,A,Breakdown,92.88,189.14,14.46
ATL01,L2,CAPR02,2025-10-09 14:00:00,60,5,0.281,8693,8321,372,COKE_12OZ,C,Changeover,87.01,166.38,17.19
ATL02,L2,CAPR02,2025-10-09 07:00:00,60,0,0.325,11231,10784,447,COKE_12OZ,C,Changeover,96.62,213.25,16.27
ATL02,L2,CAPR02,2025-10-07 15:00:00,60,9,0.293,10880,10795,85,SPRITE_12OZ,B,Changeover,95.95,231.59,14.14
ATL02,L2,FILL01,2025-10-09 13:00:00,60,14,0.25,10660,10213,447,DIET_12OZ,C,Breakdown,83.48,208.78,15.9
ATL02,L2,LBLR03,2025-10-08 09:00:00,60,21,0.358,5871,5625,246,COKE_12OZ,A,Changeover,80.99,136.84,8.33
ATL01,L3,CASE04,2025-10-01 09:00:00,60,3,0.851,4216,4189,27,SPRITE_12OZ,B,PM,96.53,80.93,15.39
ATL01,L2,LBLR03,2025-10-07 11:00:00,60,8,0.337,9034,8672,362,DIET_12OZ,A,Changeover,92.51,181.46,16.28
ATL01,L2,CASE04,2025-10-03 13:00:00,60,4,0.842,3651,3428,223,COKE_16OZ,C,Changeover,93.88,74.94,18.86
ATL01,L1,LBLR03,2025-10-04 07:00:00,60,1,0.361,10099,9799,300,COKE_16OZ,C,Changeover,100.61,198.75,18.13
ATL02,L2,CASE04,2025-10-03 09:00:00,60,9,0.83,3794,3638,156,SPRITE_12OZ,B,PM,95.18,51.36,18.34
ATL02,L3,LBLR03,2025-10-09 09:00:00,60,3,0.322,9864,9453,411,COKE_16OZ,B,Breakdown,95.44,208.85,17.87
ATL02,L1,FILL01,2025-10-05 14:00:00,60,4,0.25,13351,13265,86,COKE_16OZ,B,PM,97.25,278.84,17.77
ATL01,L3,CASE04,2025-10-09 07:00:00,60,12,0.839,2649,2624,25,COKE_12OZ,C,Breakdown,88.03,37.14,18.66
ATL02,L1,FILL01,2025-10-01 14:00:00,60,8,0.245,12028,11853,175,DIET_12OZ,B,Blocked,91.49,240.86,14.32
ATL02,L2,LBLR03,2025-10-04 11:00:00,60,15,0.326,7949,7776,173,COKE_12OZ,B,None,90.21,171.22,13.84
ATL02,L3,FILL01,2025-10-09 10:00:00,60,3,0.253,11650,11211,439,COKE_16OZ,A,Blocked,88.69,229.03,16.89
ATL01,L2,CASE04,2025-10-08 14:00:00,60,8,0.796,3522,3428,94,COKE_12OZ,A,None,97.26,49.05,15.26
ATL02,L1,CAPR02,2025-10-07 11:00:00,60,13,0.276,8076,7904,172,SPRITE_12OZ,C,Breakdown,86.39,160.82,15.51
ATL02,L3,CASE04,2025-10-01 08:00:00,60,12,0.73,4125,3982,143,COKE_16OZ,C,Blocked,84.53,93.07,14.57
ATL02,L3,LBLR03,2025-10-10 14:00:00,60,8,0.329,8588,8495,93,SPRITE_12OZ,C,Blocked,102.93,157.69,12.91
ATL01,L2,FILL01,2025-10-07 08:00:00,60,14,0.252,10932,10805,127,COKE_16OZ,A,Breakdown,84.54,259.17,13.33
ATL02,L3,CASE04,2025-10-10 07:00:00,60,5,0.721,4978,4886,92,SPRITE_12OZ,B,None,104.17,95.3,15.93
ATL02,L2,CASE04,2025-10-08 14:00:00,60,17,0.763,3371,3257,114,COKE_12OZ,B,Blocked,81.28,67.97,14.13
ATL01,L1,CAPR02,2025-10-05 12:00:00,60,1,0.287,12904,12390,514,COKE_12OZ,A,PM,102.73,263.7,17.9
ATL02,L3,FILL01,2025-10-05 07:00:00,60,3,0.247,12681,11911,770,COKE_16OZ,C,PM,91.96,249.84,17.52
ATL02,L2,CAPR02,2025-10-08 13:00:00,60,15,0.287,9189,9005,184,COKE_16OZ,C,Changeover,89.22,168.69,13.99
ATL01,L3,LBLR03,2025-10-03 13:00:00,60,8,0.349,8185,8146,39,SPRITE_12OZ,C,Blocked,88.42,159.95,14.93
ATL01,L2,FILL01,2025-10-03 15:00:00,60,15,0.243,10672,10406,266,SPRITE_12OZ,A,Blocked,91.42,202.82,11.01
ATL02,L1,CASE04,2025-10-03 13:00:00,60,5,0.845,3670,3663,7,SPRITE_12OZ,C,PM,95.97,93.64,13.65
ATL02,L3,FILL01,2025-10-09 09:00:00,60,12,0.241,9763,9370,393,COKE_16OZ,C,PM,97.4,192.49,11.93
ATL02,L3,CASE04,2025-10-06 07:00:00,60,0,0.855,3869,3795,74,SPRITE_12OZ,C,None,98.62,84.48,18.44
ATL01,L3,LBLR03,2025-10-04 12:00:00,60,18,0.349,7178,6972,206,COKE_12OZ,B,Changeover,88.18,139.89,9.12
ATL01,L3,FILL01,2025-10-09 10:00:00,60,5,0.27,10417,10362,55,COKE_16OZ,B,Blocked,102.73,195.45,16.62
ATL02,L3,LBLR03,2025-10-07 11:00:00,60,5,0.36,7876,7728,148,DIET_12OZ,B,Starved,96.92,151.29,15.56
ATL02,L1,LBLR03,2025-10-07 15:00:00,60,5,0.325,8014,7646,368,DIET_12OZ,C,None,95.72,163.88,11.15
ATL01,L1,CAPR02,2025-10-03 06:00:00,60,7,0.298,8876,8757,119,SPRITE_12OZ,B,Changeover,91.45,181.19,17.79
ATL02,L2,LBLR03,2025-10-10 15:00:00,60,2,0.356,8678,8428,250,COKE_12OZ,A,Changeover,101.03,181.01,17.76
ATL02,L2,CAPR02,2025-10-05 11:00:00,60,3,0.285,9939,9737,202,DIET_12OZ,B,Changeover,98.32,193.1,14.91
ATL01,L3,CAPR02,2025-10-08 13:00:00,60,3,0.28,12382,11758,624,COKE_12OZ,B,Starved,93.92,256.18,17.83
ATL01,L1,CAPR02,2025-10-05 09:00:00,60,3,0.296,10449,9955,494,SPRITE_12OZ,C,PM,96.21,193.21,15.46
ATL02,L2,CASE04,2025-10-10 13:00:00,60,4,0.718,3719,3590,129,SPRITE_12OZ,A,Changeover,92.77,80.64,16.61
ATL02,L1,CASE04,2025-10-07 10:00:00,60,11,0.793,3362,3241,121,DIET_12OZ,C,Breakdown,99.67,66.6,13.98
ATL01,L2,CAPR02,2025-10-09 10:00:00,60,13,0.333,7292,7133,159,DIET_12OZ,B,Changeover,92.43,148.51,14.56
ATL01,L2,LBLR03,2025-10-04 08:00:00,60,2,0.309,8099,8029,70,COKE_12OZ,B,Blocked,92.83,176.76,11.98
ATL01,L1,FILL01,2025-10-10 11:00:00,60,11,0.262,10265,10076,189,SPRITE_12OZ,A,Blocked,79.2,186.08,11.34
ATL02,L1,FILL01,2025-10-01 12:00:00,60,11,0.233,10638,10423,215,DIET_12OZ,C,Changeover,85.94,204.12,14.68
ATL01,L3,CASE04,2025-10-10 15:00:00,60,0,0.839,3579,3456,123,SPRITE_12OZ,C,None,91.5,65.25,16.8
ATL02,L2,LBLR03,2025-10-07 10:00:00,60,7,0.346,8843,8638,205,SPRITE_12OZ,A,Starved,96.32,185.5,14.67
ATL02,L1,CASE04,2025-10-02 07:00:00,60,4,0.821,3913,3719,194,COKE_12OZ,C,Changeover,91.12,77.84,20.77
ATL02,L1,LBLR03,2025-10-07 08:00:00,60,11,0.352,6372,6161,211,SPRITE_12OZ,A,Starved,79.29,125.68,16.02
ATL01,L2,CAPR02,2025-10-09 08:00:00,60,12,0.294,7634,7387,247,COKE_12OZ,A,Breakdown,81.94,140.62,12.89
ATL02,L3,CASE04,2025-10-08 06:00:00,60,12,0.885,2545,2488,57,COKE_16OZ,C,Starved,88.74,61.2,15.88
ATL01,L2,CAPR02,2025-10-02 09:00:00,60,11,0.32,7870,7638,232,SPRITE_12OZ,B,Blocked,88.26,145.25,16.07
ATL01,L1,CAPR02,2025-10-02 12:00:00,60,4,0.283,10159,9894,265,SPRITE_12OZ,A,Changeover,91.22,203.51,15.64
ATL02,L2,FILL01,2025-10-08 13:00:00,60,13,0.256,8956,8363,593,COKE_16OZ,C,PM,90.06,173.13,16.19
ATL01,L1,CASE04,2025-10-05 10:00:00,60,17,0.822,2485,2453,32,COKE_16OZ,B,Starved,88.79,33.05,15.86
ATL01,L1,LBLR03,2025-10-10 07:00:00,60,7,0.343,8434,8326,108,SPRITE_12OZ,A,Starved,96.4,167.65,15.95
ATL02,L2,LBLR03,2025-10-10 14:00:00,60,8,0.376,9233,9192,41,COKE_16OZ,A,Breakdown,95.21,196.33,17.44
ATL02,L1,FILL01,2025-10-07 12:00:00,60,13,0.248,10713,10375,338,SPRITE_12OZ,C,Starved,87.76,199.46,10.59
ATL02,L2,CASE04,2025-10-07 13:00:00,60,9,0.837,3358,3224,134,DIET_12OZ,B,Changeover,90.93,62.32,17.46
ATL01,L3,CAPR02,2025-10-04 06:00:00,60,12,0.29,8805,8363,442,DIET_12OZ,A,Breakdown,87.43,161.78,15.58
ATL02,L1,CAPR02,2025-10-05 07:00:00,60,10,0.343,7706,7339,367,COKE_16OZ,C,Blocked,93.84,162.86,14.13
ATL02,L1,LBLR03,2025-10-01 14:00:00,60,13,0.337,6284,6077,207,COKE_12OZ,B,None,92.59,134.3,15.38
ATL01,L1,LBLR03,2025-10-06 15:00:00,60,17,0.364,6803,6669,134,COKE_16OZ,C,Starved,79.18,106.0,13.32
ATL02,L2,CASE04,2025-10-05 10:00:00,60,2,0.787,3706,3587,119,COKE_12OZ,C,PM,90.89,91.82,12.14
ATL02,L2,LBLR03,2025-10-01 06:00:00,60,7,0.334,9618,9546,72,DIET_12OZ,C,Breakdown,96.89,209.63,16.72
ATL01,L1,CASE04,2025-10-07 12:00:00,60,2,0.775,3733,3701,32,DIET_12OZ,C,Changeover,93.94,83.75,20.43
ATL01,L2,CASE04,2025-10-06 06:00:00,60,11,0.777,3519,3433,86,DIET_12OZ,B,Changeover,82.62,75.53,12.96
ATL02,L2,CASE04,2025-10-09 08:00:00,60,11,0.835,2804,2660,144,DIET_12OZ,B,PM,88.2,68.77,15.79
ATL01,L3,CAPR02,2025-10-09 11:00:00,60,15,0.303,7953,7794,159,COKE_12OZ,C,Breakdown,73.2,151.08,10.93
ATL01,L3,CASE04,2025-10-08 07:00:00,60,14,0.808,2794,2748,46,COKE_16OZ,C,Starved,90.04,80.91,13.74
ATL01,L2,CASE04,2025-10-07 13:00:00,60,7,0.835,3533,3380,153,SPRITE_12OZ,A,Changeover,90.54,78.82,14.86
ATL01,L1,CASE04,2025-10-10 12:00:00,60,0,0.815,3851,3830,21,DIET_12OZ,A,None,103.88,71.18,15.83
ATL02,L3,CAPR02,2025-10-01 13:00:00,60,8,0.292,11669,11557,112,SPRITE_12OZ,B,PM,106.22,247.52,14.55
ATL02,L3,CASE04,2025-10-06 11:00:00,60,4,0.881,4042,3963,79,SPRITE_12OZ,B,Changeover,94.63,74.12,17.12
ATL02,L1,FILL01,2025-10-01 13:00:00,60,10,0.265,10065,9697,368,SPRITE_12OZ,C,None,87.85,186.78,16.58
ATL02,L3,FILL01,2025-10-01 10:00:00,60,0,0.239,14251,13871,380,COKE_16OZ,B,None,99.43,280.3,18.43
ATL01,L2,LBLR03,2025-10-09 10:00:00,60,9,0.336,7607,7348,259,DIET_12OZ,B,Starved,94.11,161.77,12.81
ATL01,L3,FILL01,2025-10-08 07:00:00,60,15,0.253,8177,7865,312,COKE_12OZ,A,Breakdown,84.82,164.67,14.49
ATL02,L1,CAPR02,2025-10-03 06:00:00,60,5,0.317,10972,10254,718,COKE_16OZ,C,Changeover,88.58,212.33,16.55
ATL02,L2,CAPR02,2025-10-09 15:00:00,60,11,0.306,7755,7463,292,DIET_12OZ,C,Changeover,89.79,161.71,15.87
ATL02,L3,LBLR03,2025-10-09 10:00:00,60,12,0.344,7829,7703,126,COKE_12OZ,B,Changeover,85.64,133.56,15.82
ATL01,L3,FILL01,2025-10-06 06:00:00,60,11,0.249,11459,11129,330,SPRITE_12OZ,C,PM,98.25,231.42,13.92
ATL02,L3,LBLR03,2025-10-09 14:00:00,60,16,0.38,6698,6533,165,COKE_12OZ,C,Breakdown,84.06,135.14,14.76
ATL02,L2,FILL01,2025-10-01 07:00:00,60,0,0.265,12571,11697,874,COKE_16OZ,A,None,107.83,232.02,16.47
ATL01,L1,CAPR02,2025-10-10 10:00:00,60,19,0.302,6483,6245,238,COKE_12OZ,A,Blocked,78.6,135.66,12.45
ATL02,L1,FILL01,2025-10-08 06:00:00,60,17,0.242,10209,9951,258,COKE_16OZ,A,Starved,85.88,195.48,15.01
ATL02,L2,LBLR03,2025-10-06 10:00:00,60,15,0.358,5839,5787,52,COKE_12OZ,A,Breakdown,86.44,106.93,11.84
ATL02,L2,FILL01,2025-10-04 11:00:00,60,7,0.251,11611,11271,340,DIET_12OZ,A,Breakdown,99.81,224.73,14.05
ATL01,L3,CAPR02,2025-10-02 14:00:00,60,2,0.28,12352,12144,208,COKE_12OZ,A,Breakdown,91.03,252.41,19.72
ATL01,L2,CAPR02,2025-10-08 08:00:00,60,4,0.293,10992,10487,505,DIET_12OZ,A,Changeover,95.38,221.04,15.02
ATL02,L1,LBLR03,2025-10-06 07:00:00,60,1,0.346,9413,9165,248,SPRITE_12OZ,A,PM,95.35,189.09,14.78
ATL01,L1,FILL01,2025-10-09 14:00:00,60,2,0.257,11941,11841,100,SPRITE_12OZ,B,Breakdown,96.66,254.71,17.18
ATL01,L3,CAPR02,2025-10-10 11:00:00,60,22,0.312,6671,6331,340,DIET_12OZ,B,Changeover,75.61,137.03,10.79
ATL02,L3,CASE04,2025-10-06 15:00:00,60,8,0.829,3093,3004,89,DIET_12OZ,B,None,89.75,63.66,12.55
ATL01,L1,FILL01,2025-10-01 09:00:00,60,8,0.234,12457,11822,635,SPRITE_12OZ,C,PM,88.38,244.7,12.23
ATL01,L2,CASE04,2025-10-02 06:00:00,60,0,0.837,3850,3671,179,SPRITE_12OZ,A,None,98.67,81.47,17.57
ATL01,L2,CAPR02,2025-10-05 11:00:00,60,5,0.309,8671,8445,226,SPRITE_12OZ,A,Changeover,104.73,155.1,14.54
ATL02,L1,CASE04,2025-10-02 12:00:00,60,10,0.736,4454,4321,133,COKE_16OZ,B,Breakdown,93.93,89.9,14.7
ATL01,L1,CASE04,2025-10-01 06:00:00,60,8,0.781,3448,3381,67,COKE_16OZ,A,Breakdown,90.91,71.18,14.02
ATL01,L3,FILL01,2025-10-08 11:00:00,60,10,0.259,10735,10644,91,COKE_12OZ,C,PM,95.09,202.12,12.84
ATL01,L2,CAPR02,2025-10-01 08:00:00,60,0,0.313,10316,10205,111,COKE_12OZ,B,None,102.89,206.74,17.73
ATL02,L2,LBLR03,2025-10-01 09:00:00,60,7,0.351,8220,7867,353,SPRITE_12OZ,A,Blocked,93.2,145.43,18.53
ATL02,L3,CASE04,2025-10-05 07:00:00,60,6,0.768,3623,3519,104,SPRITE_12OZ,C,None,96.56,75.36,16.68
ATL02,L1,CASE04,2025-10-07 08:00:00,60,15,0.842,2701,2643,58,COKE_12OZ,B,Breakdown,87.69,40.25,10.52
ATL01,L2,CAPR02,2025-10-10 13:00:00,60,16,0.303,6637,6492,145,SPRITE_12OZ,A,Starved,81.0,117.63,9.16
ATL02,L1,CASE04,2025-10-05 09:00:00,60,0,0.814,4399,4390,9,COKE_12OZ,A,None,96.9,85.33,21.24
ATL01,L1,CAPR02,2025-10-02 06:00:00,60,15,0.302,8570,8373,197,COKE_12OZ,B,Changeover,89.34,169.22,15.38
ATL02,L3,CASE04,2025-10-07 07:00:00,60,10,0.847,3312,3210,102,COKE_16OZ,A,None,83.79,89.62,14.6
ATL01,L1,LBLR03,2025-10-05 07:00:00,60,10,0.347,8558,8077,481,COKE_12OZ,B,Blocked,93.46,158.56,14.15
ATL02,L1,CASE04,2025-10-01 12:00:00,60,9,0.767,3878,3762,116,SPRITE_12OZ,C,Blocked,93.02,85.72,16.42
ATL01,L1,FILL01,2025-10-15 10:00:00,0,0,0.0,0,0,0,COKE_12OZ,A,,0.0,0.0,0.0
ATL02,L2,CAPR02,2025-10-03 07:00:00,60,11,0.287,8471,8313,158,SPRITE_12OZ,A,Blocked,86.93,162.79,10.56
ATL02,L3,LBLR03,2025-10-06 10:00:00,60,3,0.366,7275,7234,41,COKE_16OZ,C,Breakdown,95.43,125.56,15.21
ATL01,L1,CASE04,2025-10-07 07:00:00,60,10,0.805,3575,3297,278,COKE_16OZ,B,Starved,92.29,71.96,14.46
ATL01,L1,FILL01,2025-10-09 12:00:00,60,9,0.231,13392,13210,182,DIET_12OZ,C,Blocked,88.54,274.25,18.27
ATL02,L2,FILL01,2025-10-01 09:00:00,60,15,5.0,11982,11742,240,SPRITE_12OZ,A,Blocked,84.71,244.89,20.0
ATL01,L2,LBLR03,2025-10-06 14:00:00,60,7,0.351,7049,6822,227,DIET_12OZ,B,Breakdown,89.01,147.16,15.03
ATL01,L1,CAPR02,2025-10-10 11:00:00,60,0,0.296,11150,10388,762,COKE_12OZ,C,None,96.23,220.75,18.59
ATL01,L1,CASE04,2025-10-09 12:00:00,60,2,0.781,3990,3884,106,COKE_16OZ,C,Changeover,98.59,82.68,17.05
ATL02,L3,LBLR03,2025-10-06 08:00:00,60,7,0.343,9128,8753,375,DIET_12OZ,B,None,81.33,178.06,19.26
ATL02,L2,CASE04,2025-10-10 14:00:00,60,5,0.792,4185,4096,89,COKE_16OZ,C,Starved,101.18,89.04,18.56
ATL02,L3,CAPR02,2025-10-02 14:00:00,60,15,0.311,7298,7036,262,SPRITE_12OZ,A,Blocked,77.61,140.56,14.2
ATL02,L1,CAPR02,2025-10-07 10:00:00,60,3,0.297,11085,10515,570,DIET_12OZ,B,Blocked,85.13,221.48,19.31
ATL01,L3,CAPR02,2025-10-03 13:00:00,60,6,0.293,10291,9866,425,COKE_12OZ,A,Blocked,94.26,212.18,14.9
ATL02,L3,CAPR02,2025-10-07 07:00:00,60,2,0.291,12194,11507,687,DIET_12OZ,C,Changeover,93.06,247.26,17.6
ATL01,L3,CAPR02,2025-10-06 14:00:00,60,2,0.313,9898,9661,237,COKE_16OZ,C,Blocked,91.21,201.56,16.26
ATL02,L1,LBLR03,2025-10-02 13:00:00,60,4,0.373,8206,8155,51,COKE_16OZ,B,Blocked,94.99,165.01,20.2
ATL02,L2,LBLR03,2025-10-02 11:00:00,60,2,0.34,8572,8425,147,DIET_12OZ,B,PM,89.47,178.97,16.19
ATL01,L3,LBLR03,2025-10-02 15:00:00,60,4,0.371,8006,7763,243,DIET_12OZ,A,Breakdown,90.6,166.6,16.46
ATL02,L1,FILL01,2025-10-03 15:00:00,60,10,0.245,11542,10908,634,SPRITE_12OZ,B,Changeover,90.43,260.07,15.67
ATL02,L2,CASE04,2025-10-07 12:00:00,60,0,0.79,4540,4387,153,COKE_12OZ,B,None,102.19,89.78,16.32
ATL01,L1,CAPR02,2025-10-09 15:00:00,60,13,0.301,8322,8185,137,COKE_12OZ,C,Starved,81.41,162.53,11.72
ATL02,L3,FILL01,2025-10-04 06:00:00,60,5,0.254,11538,11511,27,COKE_16OZ,B,None,101.72,231.46,17.95
ATL02,L3,LBLR03,2025-10-02 09:00:00,60,0,0.334,9108,8965,143,COKE_16OZ,C,None,95.55,188.39,17.05
ATL02,L2,CASE04,2025-10-05 13:00:00,60,1,0.831,3350,3152,198,SPRITE_12OZ,B,Starved,101.56,65.94,16.91
ATL01,L2,CAPR02,2025-10-05 08:00:00,60,5,0.297,10966,10816,150,SPRITE_12OZ,B,Breakdown,86.13,231.38,18.9
ATL01,L1,CAPR02,2025-10-10 14:00:00,60,9,0.32,7366,6746,620,COKE_12OZ,A,Changeover,93.63,149.42,16.62
ATL02,L2,FILL01,2025-10-01 11:00:00,60,0,0.235,13445,12849,596,COKE_16OZ,B,None,105.51,269.64,21.26
ATL02,L2,CASE04,2025-10-06 06:00:00,60,11,0.807,3404,3349,55,COKE_16OZ,B,Blocked,88.68,73.55,12.84
ATL02,L1,CASE04,2025-10-09 06:00:00,60,14,0.722,3201,3050,151,COKE_12OZ,C,Blocked,86.56,64.31,13.47
ATL01,L2,CASE04,2025-10-07 09:00:00,60,11,0.807,3135,2916,219,SPRITE_12OZ,C,Changeover,92.37,75.73,16.95
ATL02,L1,LBLR03,2025-10-05 06:00:00,60,3,0.377,8559,8497,62,COKE_16OZ,A,Breakdown,98.34,167.92,16.52
ATL01,L3,CAPR02,2025-10-10 09:00:00,60,7,0.31,8822,8514,308,SPRITE_12OZ,A,Changeover,94.54,183.52,18.17
ATL01,L1,CASE04,2025-10-03 07:00:00,60,7,0.767,3293,3212,81,SPRITE_12OZ,B,Blocked,98.94,58.79,14.08
ATL01,L2,CASE04,2025-10-02 13:00:00,60,0,0.794,4534,4294,240,COKE_12OZ,A,None,87.92,85.05,16.8
ATL02,L3,CASE04,2025-10-06 08:00:00,60,18,0.771,2883,2796,87,DIET_12OZ,B,None,89.0,70.38,12.4
ATL02,L3,CAPR02,2025-10-03 13:00:00,60,17,0.281,7335,6990,345,COKE_12OZ,C,Starved,87.22,144.33,12.23
ATL01,L1,LBLR03,2025-10-03 14:00:00,60,10,0.371,7995,7681,314,SPRITE_12OZ,C,Starved,92.86,168.85,10.82
ATL02,L1,LBLR03,2025-10-06 12:00:00,60,10,0.319,7233,7074,159,COKE_16OZ,C,Blocked,92.48,152.57,16.33
ATL02,L2,FILL01,2025-10-07 10:00:00,60,5,0.261,9685,9544,141,SPRITE_12OZ,A,None,98.15,209.58,17.69
ATL02,L3,CAPR02,2025-10-09 11:00:00,60,5,0.295,9379,8903,476,COKE_12OZ,A,Starved,96.92,170.53,18.57
ATL01,L2,CASE04,2025-10-08 08:00:00,60,2,0.771,3921,3882,39,COKE_16OZ,C,Breakdown,96.4,72.78,14.32
ATL01,L3,CASE04,2025-10-05 10:00:00,60,5,0.854,3393,3297,96,SPRITE_12OZ,C,Breakdown,93.38,68.38,14.3
ATL01,L3,CASE04,2025-10-08 14:00:00,60,7,0.725,3570,3270,300,COKE_12OZ,A,Blocked,96.38,73.84,16.06
ATL01,L2,LBLR03,2025-10-02 13:00:00,60,11,0.351,7464,7167,297,SPRITE_12OZ,A,Blocked,89.38,129.53,12.77
ATL01,L1,FILL01,2025-10-08 11:00:00,60,7,0.246,11683,11647,36,SPRITE_12OZ,B,PM,86.97,244.55,16.23
ATL01,L3,CASE04,2025-10-09 12:00:00,60,13,0.842,3085,2942,143,DIET_12OZ,A,PM,86.59,73.72,14.05
ATL01,L3,CAPR02,2025-10-08 12:00:00,60,13,0.292,8405,8110,295,SPRITE_12OZ,B,Changeover,88.55,173.09,12.13
ATL01,L1,CASE04,2025-10-10 08:00:00,60,1,0.826,3737,3592,145,SPRITE_12OZ,B,Changeover,98.12,61.31,16.36
ATL01,L2,FILL01,2025-10-09 14:00:00,60,15,0.246,9662,9434,228,COKE_16OZ,C,Blocked,91.61,190.1,16.11
ATL02,L2,CAPR02,2025-10-10 07:00:00,60,15,0.292,8356,7986,370,COKE_16OZ,B,Changeover,83.85,167.96,14.34
ATL02,L2,CAPR02,2025-10-04 12:00:00,60,12,0.291,9004,8657,347,COKE_16OZ,A,Starved,95.06,188.73,17.38
ATL02,L2,LBLR03,2025-10-10 11:00:00,60,9,0.336,8591,8322,269,DIET_12OZ,B,Starved,90.98,166.84,14.33
ATL01,L3,LBLR03,2025-10-01 07:00:00,60,7,0.35,7201,7046,155,COKE_12OZ,C,Changeover,91.01,136.0,15.7
ATL01,L3,FILL01,2025-10-10 13:00:00,60,6,0.227,11585,11098,487,DIET_12OZ,B,Breakdown,93.75,231.83,14.67
ATL02,L1,FILL01,2025-10-07 13:00:00,60,7,0.273,11636,11613,23,COKE_16OZ,A,Starved,84.71,223.59,14.9
ATL01,L3,CAPR02,2025-10-04 07:00:00,60,13,0.322,7704,7494,210,COKE_16OZ,B,Breakdown,75.88,163.25,12.83
ATL02,L2,FILL01,2025-10-03 11:00:00,60,16,0.265,7892,7652,240,COKE_12OZ,B,PM,85.99,175.85,15.63
ATL01,L2,FILL01,2025-10-05 15:00:00,60,13,0.233,11894,11568,326,COKE_12OZ,B,Changeover,80.83,214.9,13.12
ATL02,L2,CAPR02,2025-10-01 14:00:00,60,0,0.311,9283,9223,60,COKE_16OZ,B,None,99.02,188.56,17.49
ATL01,L2,CAPR02,2025-10-03 10:00:00,60,7,0.298,9458,9035,423,DIET_12OZ,A,PM,84.32,180.16,15.8
ATL02,L2,LBLR03,2025-10-08 07:00:00,60,4,0.378,7831,7476,355,COKE_16OZ,C,Changeover,94.95,142.78,17.08
ATL01,L1,LBLR03,2025-10-08 13:00:00,60,5,0.337,8934,8315,619,COKE_12OZ,B,PM,90.98,168.44,15.09
ATL01,L2,CAPR02,2025-10-02 10:00:00,60,5,0.295,10163,9998,165,COKE_16OZ,A,Changeover,93.59,192.91,16.21
ATL02,L1,FILL01,2025-10-05 06:00:00,60,10,0.258,10886,10528,358,DIET_12OZ,B,PM,84.61,222.4,19.26
ATL02,L3,CAPR02,2025-10-08 12:00:00,60,13,0.307,9033,8983,50,SPRITE_12OZ,A,Blocked,89.52,168.29,13.67
ATL01,L1,CASE04,2025-10-04 15:00:00,60,11,0.797,3367,3155,212,COKE_12OZ,C,Changeover,80.25,70.34,13.23
ATL01,L3,CASE04,2025-10-06 10:00:00,60,11,0.745,4131,3972,159,COKE_16OZ,B,Starved,90.49,82.71,11.52
ATL02,L2,CASE04,2025-10-07 08:00:00,60,6,0.768,3473,3348,125,SPRITE_12OZ,A,Breakdown,99.58,50.85,16.32
ATL02,L1,FILL01,2025-10-05 08:00:00,60,13,0.252,10271,9892,379,SPRITE_12OZ,A,Blocked,94.02,197.4,16.83
ATL01,L3,FILL01,2025-10-08 12:00:00,60,11,0.263,10318,9799,519,SPRITE_12OZ,B,Blocked,95.49,207.3,12.71
ATL02,L2,FILL01,2025-10-10 10:00:00,60,15,0.26,9791,9459,332,COKE_12OZ,C,None,84.58,180.63,16.18
ATL01,L2,FILL01,2025-10-07 09:00:00,60,13,0.254,10909,10510,399,COKE_12OZ,B,None,80.86,216.22,16.3
ATL02,L1,CASE04,2025-10-08 13:00:00,60,0,0.773,4417,4406,11,DIET_12OZ,A,None,94.03,92.67,17.0
ATL01,L3,LBLR03,2025-10-06 11:00:00,60,12,0.352,6548,6433,115,COKE_12OZ,A,PM,85.88,129.31,16.6
ATL01,L1,CAPR02,2025-10-04 11:00:00,60,11,0.311,8319,8097,222,COKE_16OZ,B,Starved,90.6,157.42,16.82
ATL02,L1,CASE04,2025-10-06 06:00:00,60,4,0.755,4242,4162,80,COKE_12OZ,C,Blocked,101.09,96.49,16.71
ATL01,L1,FILL01,2025-10-03 09:00:00,60,12,0.256,10460,10225,235,SPRITE_12OZ,A,Blocked,91.18,219.96,15.55
ATL01,L2,FILL01,2025-10-06 11:00:00,60,23,0.264,6036,5967,69,COKE_16OZ,C,Breakdown,88.68,102.71,14.68
ATL01,L3,FILL01,2025-10-10 15:00:00,60,0,0.256,14259,14066,193,COKE_12OZ,A,None,87.44,300.13,14.04
ATL01,L3,CAPR02,2025-10-06 13:00:00,60,9,0.281,10150,10034,116,SPRITE_12OZ,B,PM,87.92,197.27,14.78
ATL02,L2,CASE04,2025-10-02 07:00:00,60,3,0.785,3679,3532,147,DIET_12OZ,C,Breakdown,97.69,77.58,16.65
ATL01,L1,LBLR03,2025-10-06 07:00:00,60,9,0.333,8187,8036,151,COKE_16OZ,B,Changeover,88.24,170.7,14.21
ATL02,L1,FILL01,2025-10-08 07:00:00,60,15,0.258,11511,11397,114,COKE_16OZ,B,Changeover,86.59,225.44,15.16
ATL01,L2,CAPR02,2025-10-10 15:00:00,60,8,0.303,9293,9133,160,COKE_12OZ,B,Breakdown,91.02,197.14,15.72
ATL02,L2,FILL01,2025-10-07 08:00:00,60,5,0.261,10294,10224,70,COKE_16OZ,C,Breakdown,86.89,194.71,17.68
ATL01,L1,CASE04,2025-10-06 15:00:00,60,9,0.823,3078,2894,184,SPRITE_12OZ,B,Changeover,89.0,55.9,14.21
ATL02,L3,FILL01,2025-10-10 07:00:00,60,10,0.261,10437,10076,361,COKE_16OZ,B,Breakdown,81.55,219.82,17.25
ATL02,L1,CASE04,2025-10-07 15:00:00,60,1,0.779,4676,4463,213,DIET_12OZ,C,Starved,103.3,84.22,17.97
ATL01,L3,CASE04,2025-10-02 12:00:00,60,9,0.767,3628,3492,136,COKE_16OZ,A,Starved,87.45,77.79,12.2
ATL01,L1,CAPR02,2025-10-10 08:00:00,60,4,0.305,10926,10387,539,COKE_12OZ,B,Changeover,98.73,236.72,16.76
ATL01,L1,FILL01,2025-10-08 06:00:00,60,5,0.24,10753,10700,53,SPRITE_12OZ,C,Breakdown,96.05,206.79,20.15
ATL01,L1,CASE04,2025-10-08 12:00:00,60,0,0.882,3753,3546,207,COKE_12OZ,C,None,99.44,75.85,17.43
ATL02,L2,LBLR03,2025-10-03 10:00:00,60,14,0.351,5950,5792,158,DIET_12OZ,B,Changeover,81.44,116.95,18.54
ATL02,L2,CASE04,2025-10-03 12:00:00,60,0,0.821,3550,3459,91,COKE_12OZ,A,None,84.81,78.79,13.18
ATL01,L3,LBLR03,2025-10-09 11:00:00,60,9,0.328,7808,7765,43,COKE_12OZ,B,Breakdown,85.03,146.5,16.77
ATL01,L2,FILL01,2025-10-04 09:00:00,60,4,0.263,11659,11203,-5,COKE_16OZ,C,Starved,102.4,240.23,18.5
ATL02,L2,LBLR03,2025-10-10 06:00:00,60,1,0.346,7652,7630,22,COKE_16OZ,C,None,96.15,174.11,12.12
ATL01,L3,CASE04,2025-10-07 06:00:00,60,8,0.753,3835,3819,16,COKE_16OZ,B,Breakdown,91.56,77.92,14.44
ATL02,L1,LBLR03,2025-10-08 07:00:00,60,6,0.355,8395,8011,384,COKE_12OZ,B,Breakdown,90.43,139.57,18.93
ATL02,L1,LBLR03,2025-10-06 14:00:00,60,8,0.373,7283,6898,385,DIET_12OZ,A,Blocked,77.14,145.49,15.29
ATL01,L3,CASE04,2025-10-06 11:00:00,60,8,0.812,3133,3095,38,COKE_12OZ,B,Breakdown,99.59,62.99,15.92
ATL01,L1,LBLR03,2025-10-09 09:00:00,60,6,0.375,7792,7699,93,DIET_12OZ,B,Breakdown,94.83,159.31,16.29
ATL01,L1,CAPR02,2025-10-04 08:00:00,60,0,0.296,10180,10025,155,SPRITE_12OZ,B,None,92.54,198.85,20.07
ATL02,L3,LBLR03,2025-10-06 09:00:00,60,8,0.366,7615,7159,456,COKE_12OZ,C,Breakdown,96.36,153.48,15.16
ATL02,L3,CASE04,2025-10-10 12:00:00,60,8,0.818,3593,3429,164,SPRITE_12OZ,B,Breakdown,87.72,66.71,15.41
ATL01,L1,FILL01,2025-10-07 08:00:00,60,10,0.233,10185,10152,33,COKE_16OZ,B,Breakdown,95.17,186.08,14.4
ATL01,L1,LBLR03,2025-10-08 15:00:00,60,9,0.321,8209,7805,404,COKE_12OZ,A,Changeover,90.4,163.7,15.69
ATL01,L3,LBLR03,2025-10-07 07:00:00,60,9,0.344,7153,6833,320,SPRITE_12OZ,A,None,81.53,142.14,15.5
ATL02,L3,CASE04,2025-10-06 13:00:00,60,3,0.814,3642,3454,188,COKE_12OZ,A,Blocked,98.39,93.59,19.58
ATL02,L3,LBLR03,2025-10-01 15:00:00,60,3,0.334,8534,8134,400,COKE_16OZ,C,Changeover,95.47,193.66,19.61
ATL01,L1,LBLR03,2025-10-07 15:00:00,60,0,0.351,10093,9850,243,DIET_12OZ,C,None,88.11,190.04,19.74
ATL02,L3,CASE04,2025-10-09 14:00:00,60,4,0.805,3805,3510,295,SPRITE_12OZ,A,Changeover,96.43,78.73,15.41
ATL02,L3,CASE04,2025-10-09 15:00:00,60,14,0.784,3121,3085,36,DIET_12OZ,B,Starved,84.15,65.54,12.92
ATL01,L1,CASE04,2025-10-01 14:00:00,60,14,0.771,3027,2885,142,DIET_12OZ,A,Breakdown,74.86,58.24,14.93
ATL01,L1,FILL01,2025-10-10 09:00:00,60,9,0.268,8448,8383,65,COKE_16OZ,A,Breakdown,98.22,159.68,17.68
ATL02,L2,CAPR02,2025-10-03 11:00:00,60,3,0.276,10597,10427,170,SPRITE_12OZ,C,Breakdown,95.53,208.52,17.31
ATL01,L2,CAPR02,2025-10-01 07:00:00,60,11,0.288,9983,9227,756,SPRITE_12OZ,B,Breakdown,97.68,207.9,15.42
ATL02,L3,CAPR02,2025-10-01 15:00:00,60,6,0.304,9781,9768,13,COKE_16OZ,B,Breakdown,96.18,180.38,14.63
ATL02,L3,CASE04,2025-10-09 13:00:00,60,8,0.838,3455,3384,71,COKE_16OZ,B,Breakdown,89.5,71.98,13.17
ATL01,L3,LBLR03,2025-10-01 13:00:00,60,6,0.381,7879,7516,363,COKE_12OZ,C,Breakdown,81.88,172.69,12.6
ATL01,L2,CAPR02,2025-10-06 15:00:00,60,10,0.28,10104,10067,37,SPRITE_12OZ,C,Blocked,88.07,214.09,16.05
ATL01,L1,FILL01,2025-10-06 09:00:00,60,15,0.249,9875,9726,149,COKE_12OZ,A,Changeover,91.14,195.33,14.62
ATL01,L2,FILL01,2025-10-05 13:00:00,60,15,0.249,10620,10116,504,DIET_12OZ,C,Changeover,84.18,206.68,14.07
ATL01,L3,FILL01,2025-10-07 06:00:00,60,11,0.256,10787,10583,204,SPRITE_12OZ,B,Changeover,86.66,223.43,14.87
ATL01,L1,CAPR02,2025-10-07 08:00:00,60,14,0.313,8080,7860,220,DIET_12OZ,A,Breakdown,84.67,153.34,12.52
ATL02,L3,LBLR03,2025-10-08 14:00:00,60,2,0.341,10369,10018,351,DIET_12OZ,B,Changeover,101.33,200.11,17.07
ATL01,L2,CASE04,2025-10-10 13:00:00,60,8,0.753,4016,3915,101,COKE_12OZ,A,Changeover,86.72,74.33,14.33
ATL02,L3,CAPR02,2025-10-04 15:00:00,60,2,0.325,8947,8853,94,DIET_12OZ,A,PM,91.96,175.06,14.76
ATL02,L3,LBLR03,2025-10-05 11:00:00,60,8,0.318,9373,9069,304,COKE_16OZ,A,Changeover,91.19,174.47,16.12
ATL02,L1,CASE04,2025-10-06 07:00:00,60,0,0.834,3485,3392,93,COKE_12OZ,C,None,93.95,79.27,19.03
ATL02,L2,LBLR03,2025-10-02 13:00:00,60,0,0.36,8992,8792,200,SPRITE_12OZ,B,None,100.77,190.76,19.07
ATL01,L1,LBLR03,2025-10-02 07:00:00,60,4,0.389,6219,6142,77,SPRITE_12OZ,C,None,93.89,106.76,16.66
ATL02,L3,FILL01,2025-10-09 06:00:00,60,4,0.259,12675,12258,417,DIET_12OZ,C,None,101.9,252.87,15.61
ATL01,L1,CAPR02,2025-10-05 06:00:00,60,10,0.314,7773,7445,328,DIET_12OZ,B,Breakdown,93.96,153.74,14.81
ATL01,L2,CASE04,2025-10-05 06:00:00,60,13,0.771,2663,2588,75,SPRITE_12OZ,C,Breakdown,84.52,57.58,15.02
ATL02,L3,CASE04,2025-10-01 13:00:00,60,3,0.833,3726,3650,76,COKE_12OZ,A,PM,98.1,77.86,19.22
ATL02,L1,LBLR03,2025-10-07 06:00:00,60,9,0.333,7337,7154,183,COKE_16OZ,C,Starved,95.55,154.71,15.18
ATL01,L2,CASE04,2025-10-05 14:00:00,60,15,0.801,3075,2964,111,DIET_12OZ,A,Breakdown,85.54,62.66,11.32
ATL01,L2,FILL01,2025-10-06 08:00:00,60,4,0.243,11843,11519,324,COKE_12OZ,B,Blocked,93.29,222.44,15.89
ATL01,L3,LBLR03,2025-10-06 10:00:00,60,9,0.374,5986,5878,108,DIET_12OZ,A,Starved,96.24,110.72,16.46
ATL02,L1,LBLR03,2025-10-04 13:00:00,60,3,0.321,9062,8908,154,COKE_16OZ,B,Breakdown,93.69,192.31,16.8
ATL02,L3,CASE04,2025-10-10 14:00:00,60,0,0.774,3785,3736,49,SPRITE_12OZ,B,None,96.86,76.14,19.65
ATL01,L2,CASE04,2025-10-04 13:00:00,60,1,0.783,3889,3675,214,SPRITE_12OZ,A,Blocked,94.35,81.36,16.17
ATL01,L2,LBLR03,2025-10-04 15:00:00,60,10,0.382,6902,6717,185,DIET_12OZ,C,Breakdown,90.48,141.1,11.92
ATL01,L2,CASE04,2025-10-10 10:00:00,60,13,0.877,2772,2682,90,SPRITE_12OZ,B,PM,88.57,57.46,11.69
ATL02,L1,CAPR02,2025-10-01 11:00:00,60,17,0.274,7803,7481,322,COKE_12OZ,B,None,80.64,172.8,12.99
ATL02,L3,CAPR02,2025-10-02 06:00:00,60,4,0.335,9970,9348,622,SPRITE_12OZ,B,Breakdown,86.94,200.14,15.76
ATL02,L3,FILL01,2025-10-02 09:00:00,60,8,0.267,11631,11156,475,COKE_16OZ,A,Breakdown,89.87,240.34,9.95
ATL01,L2,FILL01,2025-10-05 11:00:00,60,20,0.243,9589,9007,582,COKE_12OZ,A,None,78.29,192.82,14.42
ATL02,L1,FILL01,2025-10-09 06:00:00,60,0,0.265,11354,11157,197,DIET_12OZ,B,None,102.2,218.29,19.33
ATL01,L3,CAPR02,2025-10-01 08:00:00,60,10,0.308,9005,8672,333,COKE_12OZ,B,PM,86.77,182.42,15.65
ATL02,L1,LBLR03,2025-10-07 07:00:00,60,15,0.329,7196,6939,257,COKE_12OZ,A,Changeover,91.38,138.16,14.3
ATL01,L3,CAPR02,2025-10-03 10:00:00,60,1,0.32,9499,9219,280,SPRITE_12OZ,B,Changeover,98.93,181.88,18.67
ATL01,L1,LBLR03,2025-10-10 12:00:00,60,17,0.351,6704,6510,194,COKE_12OZ,C,PM,76.71,144.73,12.02
ATL02,L2,CAPR02,2025-10-08 14:00:00,60,3,0.328,8775,8665,110,COKE_12OZ,A,Breakdown,99.46,179.98,16.87
ATL01,L3,CAPR02,2025-10-06 06:00:00,60,0,0.276,10513,10409,104,SPRITE_12OZ,B,None,96.44,216.76,18.87
ATL01,L1,CAPR02,2025-10-07 13:00:00,60,11,0.301,8481,8038,443,COKE_16OZ,B,PM,83.66,175.72,10.51
ATL02,L2,FILL01,2025-10-06 10:00:00,60,0,0.241,14590,13986,604,COKE_16OZ,C,None,89.4,284.33,18.36
ATL02,L2,FILL01,2025-10-02 13:00:00,60,0,0.243,12696,12216,480,DIET_12OZ,C,None,90.61,255.75,17.97
ATL02,L3,CASE04,2025-10-03 10:00:00,60,15,0.878,2670,2658,12,COKE_16OZ,B,None,86.04,47.72,10.52
ATL01,L2,CASE04,2025-10-06 14:00:00,60,1,0.79,3932,3841,91,DIET_12OZ,B,Changeover,96.44,85.9,18.01
ATL02,L1,FILL01,2025-10-01 07:00:00,60,15,0.243,10464,10261,203,DIET_12OZ,C,Changeover,88.75,218.54,11.95
ATL02,L3,LBLR03,2025-10-02 06:00:00,60,11,0.34,8604,8329,275,DIET_12OZ,C,Breakdown,81.63,178.39,19.58
ATL01,L1,CAPR02,2025-10-04 09:00:00,60,8,0.266,10924,10532,392,SPRITE_12OZ,B,PM,91.82,217.81,14.52
ATL02,L2,CAPR02,2025-10-04 08:00:00,60,8,0.285,10478,9931,547,SPRITE_12OZ,C,Changeover,94.13,222.9,16.38
ATL02,L1,FILL01,2025-10-03 13:00:00,60,10,0.251,9404,9086,318,COKE_12OZ,C,Starved,101.07,172.51,14.74
ATL01,L2,CASE04,2025-10-04 08:00:00,60,9,0.783,4087,3987,100,COKE_12OZ,C,Breakdown,93.19,73.94,14.82
ATL01,L2,LBLR03,2025-10-01 06:00:00,60,5,0.35,9582,9233,349,SPRITE_12OZ,A,None,86.78,169.86,14.32
ATL01,L3,CAPR02,2025-10-05 10:00:00,60,0,0.298,11882,10872,1010,SPRITE_12OZ,A,None,95.42,234.42,12.7
ATL01,L1,CAPR02,2025-10-07 07:00:00,60,11,0.304,7219,7140,79,COKE_12OZ,B,Breakdown,92.96,149.45,14.61
ATL02,L1,LBLR03,2025-10-08 12:00:00,60,23,0.344,5678,5544,134,COKE_12OZ,C,PM,80.22,124.28,8.1
ATL01,L2,CASE04,2025-10-06 15:00:00,60,6,0.784,3742,3610,132,DIET_12OZ,A,PM,95.62,45.83,16.85
ATL02,L3,LBLR03,2025-10-09 08:00:00,60,5,0.355,7862,7784,78,SPRITE_12OZ,C,Starved,91.61,160.97,16.63
ATL01,L3,LBLR03,2025-10-02 13:00:00,60,11,0.361,8822,8742,80,SPRITE_12OZ,A,Breakdown,88.16,175.15,16.68
ATL01,L2,FILL01,2025-10-01 14:00:00,60,11,0.227,11752,10864,888,SPRITE_12OZ,A,Breakdown,81.32,236.14,17.06
ATL01,L2,CAPR02,2025-10-07 10:00:00,60,9,0.314,9385,9192,193,DIET_12OZ,C,Blocked,90.63,185.13,11.95
ATL02,L2,LBLR03,2025-10-05 08:00:00,60,7,0.358,9223,8906,317,COKE_16OZ,C,None,89.84,193.17,16.1
ATL01,L1,CAPR02,2025-10-01 13:00:00,60,23,0.289,5885,5830,55,COKE_12OZ,C,Starved,80.77,118.59,12.2
ATL01,L3,LBLR03,2025-10-04 14:00:00,60,3,0.372,8683,8388,295,COKE_16OZ,C,Breakdown,96.98,186.38,18.59
ATL01,L2,LBLR03,2025-10-01 12:00:00,60,22,0.343,6476,6339,137,COKE_16OZ,A,Breakdown,88.11,125.64,9.99
ATL01,L1,CAPR02,2025-10-07 10:00:00,60,6,0.295,11134,10669,465,COKE_12OZ,A,Breakdown,92.64,220.32,17.17
ATL01,L3,LBLR03,2025-10-06 14:00:00,60,13,0.361,7133,6672,461,DIET_12OZ,C,Starved,83.49,140.55,13.86
ATL01,L1,CAPR02,2025-10-07 12:00:00,60,9,0.307,8286,8268,18,COKE_16OZ,B,Changeover,95.47,167.51,15.7
ATL01,L3,CASE04,2025-10-04 14:00:00,60,7,0.812,3435,3349,86,COKE_12OZ,C,PM,93.31,66.61,14.64
ATL01,L2,CASE04,2025-10-06 10:00:00,60,0,0.802,4388,4142,246,DIET_12OZ,A,None,96.2,93.0,19.56
ATL01,L2,FILL01,2025-10-07 13:00:00,60,9,0.242,11219,11106,113,COKE_16OZ,A,Starved,95.25,219.95,17.82
ATL02,L3,LBLR03,2025-10-09 12:00:00,60,11,0.324,7436,7203,233,SPRITE_12OZ,C,Breakdown,81.67,143.6,14.84
ATL02,L2,FILL01,2025-10-05 10:00:00,60,8,0.246,11842,11791,51,COKE_12OZ,A,Breakdown,91.16,238.22,14.45
ATL01,L1,CAPR02,2025-10-03 09:00:00,60,8,0.329,8065,8063,2,DIET_12OZ,C,Blocked,82.88,145.46,16.24
ATL01,L3,CAPR02,2025-10-07 15:00:00,60,8,0.296,8755,8503,252,SPRITE_12OZ,C,Changeover,97.42,176.53,19.74
ATL01,L1,LBLR03,2025-10-02 12:00:00,60,1,0.362,9299,9272,27,COKE_16OZ,B,Breakdown,95.91,184.54,16.51
ATL02,L3,FILL01,2025-10-05 10:00:00,60,10,0.251,10730,10301,429,SPRITE_12OZ,B,Changeover,87.38,226.81,13.27
ATL02,L2,FILL01,2025-10-04 06:00:00,60,8,0.24,12052,11099,953,COKE_12OZ,A,PM,95.14,254.69,19.28
ATL02,L1,FILL01,2025-10-04 07:00:00,60,4,0.239,12155,11658,497,COKE_16OZ,B,Blocked,89.76,244.46,17.19
ATL02,L1,LBLR03,2025-10-05 14:00:00,60,3,0.338,9739,9359,380,COKE_16OZ,A,Changeover,97.31,188.25,19.67
ATL01,L1,CAPR02,2025-10-10 06:00:00,60,7,0.294,11164,11034,130,SPRITE_12OZ,B,Starved,98.62,213.91,13.23
ATL01,L1,LBLR03,2025-10-02 15:00:00,60,6,0.343,7472,7448,24,COKE_12OZ,A,Breakdown,93.72,160.19,15.27
ATL01,L2,CAPR02,2025-10-05 12:00:00,60,6,0.289,10009,9323,686,COKE_12OZ,A,PM,88.29,192.03,19.09
ATL02,L2,CAPR02,2025-10-07 15:00:00,60,9,0.293,10880,10795,85,SPRITE_12OZ,B,Changeover,95.95,-200.0,14.14
ATL02,L1,CASE04,2025-10-08 08:00:00,60,3,0.817,3917,3851,66,DIET_12OZ,B,PM,95.73,75.27,18.83
ATL01,L2,CASE04,2025-10-10 12:00:00,60,16,0.839,2836,2800,36,COKE_16OZ,C,Blocked,84.23,41.39,10.98
ATL02,L3,CASE04,2025-10-02 15:00:00,60,0,0.812,4244,3974,270,COKE_12OZ,C,None,106.4,92.23,16.83
ATL02,L2,FILL01,2025-10-10 11:00:00,60,19,0.24,9085,8925,160,COKE_12OZ,A,None,86.39,191.55,9.22
ATL02,L3,LBLR03,2025-10-04 09:00:00,60,3,0.365,8964,8462,502,DIET_12OZ,B,Blocked,96.07,161.63,16.48
ATL02,L2,LBLR03,2025-10-07 06:00:00,60,11,0.368,6589,6528,61,SPRITE_12OZ,B,PM,89.54,133.59,14.41
ATL01,L2,CASE04,2025-10-02 14:00:00,60,2,0.797,3943,3905,38,COKE_16OZ,A,PM,96.93,87.15,15.37
ATL02,L3,CAPR02,2025-10-09 15:00:00,60,0,0.294,10094,9935,159,SPRITE_12OZ,C,None,94.09,209.54,17.17
ATL01,L3,CAPR02,2025-10-05 15:00:00,60,4,0.302,10496,10033,463,DIET_12OZ,B,Breakdown,91.64,207.55,17.36
ATL01,L2,CAPR02,2025-10-06 08:00:00,60,17,0.284,8197,7915,282,COKE_16OZ,C,Blocked,90.96,153.62,14.23
ATL01,L3,FILL01,2025-10-08 08:00:00,60,14,0.263,8007,7814,193,COKE_16OZ,B,Blocked,86.21,143.94,13.23
ATL02,L1,CAPR02,2025-10-01 07:00:00,60,90,0.31,8335,7858,477,COKE_16OZ,A,Starved,99.29,163.46,13.31
ATL01,L2,CASE04,2025-10-09 11:00:00,60,9,0.818,3289,3232,57,COKE_12OZ,B,Blocked,93.05,66.79,15.88
ATL02,L3,CASE04,2025-10-08 09:00:00,60,10,0.803,3250,3202,48,SPRITE_12OZ,A,Breakdown,88.13,69.99,12.0
ATL01,L2,CAPR02,2025-10-04 12:00:00,60,7,0.303,7316,7134,182,SPRITE_12OZ,A,Breakdown,93.72,154.61,19.12
ATL01,L1,CASE04,2025-10-06 07:00:00,60,0,0.796,4521,4305,216,COKE_16OZ,B,None,99.12,85.39,15.09
ATL02,L3,CASE04,2025-10-08 14:00:00,60,0,0.79,3552,3539,13,COKE_16OZ,C,Blocked,98.83,68.7,18.01
ATL02,L3,CAPR02,2025-10-03 12:00:00,60,9,0.266,9090,8522,568,COKE_16OZ,C,Blocked,87.44,191.14,14.55
ATL02,L3,CASE04,2025-10-05 10:00:00,60,17,0.787,3359,3173,186,COKE_16OZ,A,Blocked,82.34,76.26,13.22
ATL02,L2,CASE04,2025-10-03 08:00:00,60,5,0.735,4166,3925,241,COKE_12OZ,A,Blocked,87.85,91.18,16.37
ATL02,L3,FILL01,2025-10-05 13:00:00,60,18,0.262,7345,7303,42,COKE_16OZ,A,Changeover,80.31,152.73,13.53
ATL01,L1,CAPR02,2025-10-02 08:00:00,60,18,0.311,8309,7999,310,COKE_12OZ,A,Blocked,75.84,160.44,11.72
ATL02,L3,LBLR03,2025-10-02 12:00:00,60,0,0.35,9081,8994,87,COKE_12OZ,B,None,99.51,184.49,17.77
ATL01,L2,CASE04,2025-10-03 08:00:00,60,10,0.834,2782,2778,4,COKE_12OZ,C,Starved,87.08,42.43,14.5
ATL01,L1,CASE04,2025-10-07 09:00:00,60,13,0.826,3032,2993,39,COKE_12OZ,A,Changeover,84.86,50.57,13.91
ATL02,L2,FILL01,2025-10-07 15:00:00,60,4,0.247,12120,12008,112,DIET_12OZ,A,Changeover,100.37,234.41,18.83
ATL02,L1,FILL01,2025-10-08 10:00:00,60,3,0.248,12688,12508,180,DIET_12OZ,A,Breakdown,101.1,242.48,16.3
ATL02,L3,CAPR02,2025-10-01 13:00:00,60,0,0.292,11669,11557,112,SPRITE_12OZ,B,Breakdown,106.22,247.52,14.55
ATL02,L1,CASE04,2025-10-01 10:00:00,60,3,0.78,3965,3819,146,SPRITE_12OZ,B,Blocked,104.62,88.8,15.81
ATL02,L1,CAPR02,2025-10-05 08:00:00,60,11,0.315,8410,8083,327,SPRITE_12OZ,C,Breakdown,91.27,166.4,11.25
ATL01,L2,CAPR02,2025-10-01 06:00:00,60,14,0.291,8817,8665,152,COKE_12OZ,B,None,81.94,174.72,12.83
ATL01,L1,LBLR03,2025-10-06 12:00:00,60,6,0.344,8367,7901,466,COKE_12OZ,C,None,87.18,171.63,14.78
ATL02,L2,LBLR03,2025-10-01 14:00:00,60,15,0.34,8621,8461,160,DIET_12OZ,B,Blocked,91.61,168.47,10.27
ATL01,L1,FILL01,2025-10-03 12:00:00,60,25,0.263,7523,7374,149,COKE_12OZ,C,Blocked,78.23,132.77,9.24
ATL01,L1,LBLR03,2025-10-08 12:00:00,60,13,0.337,7899,7526,373,COKE_12OZ,A,Blocked,87.1,164.01,13.25
ATL02,L2,LBLR03,2025-10-06 08:00:00,60,13,0.327,7505,6894,611,DIET_12OZ,B,Breakdown,85.5,144.68,14.88
ATL02,L3,CAPR02,2025-10-04 07:00:00,60,10,0.311,9380,9099,281,COKE_12OZ,B,Starved,96.38,176.06,15.23
ATL01,L1,CASE04,2025-10-05 08:00:00,60,8,0.858,2731,2684,47,SPRITE_12OZ,C,Changeover,95.51,57.42,12.74
ATL01,L3,LBLR03,2025-10-06 07:00:00,60,8,0.341,8558,8535,23,DIET_12OZ,A,PM,94.48,144.12,14.31
ATL02,L1,CASE04,2025-10-02 09:00:00,60,21,0.749,2489,2479,10,COKE_16OZ,A,Changeover,73.53,33.41,14.07
ATL01,L1,FILL01,2025-10-03 14:00:00,60,11,0.25,10397,10344,53,SPRITE_12OZ,C,Breakdown,84.05,216.25,17.36
ATL01,L3,LBLR03,2025-10-07 14:00:00,60,4,0.322,7905,7583,322,DIET_12OZ,C,Breakdown,101.07,156.27,14.84
ATL01,L3,CAPR02,2025-10-01 15:00:00,60,16,0.304,6615,6316,299,DIET_12OZ,A,Changeover,78.22,144.77,8.89
ATL02,L1,FILL01,2025-10-01 11:00:00,60,3,0.263,11083,11068,15,COKE_12OZ,A,Blocked,94.56,222.23,12.5
ATL02,L2,CAPR02,2025-10-08 15:00:00,60,11,0.291,9532,9124,408,COKE_12OZ,A,Changeover,80.74,200.71,13.56
ATL01,L2,FILL01,2025-10-02 10:00:00,60,5,0.256,9064,9056,8,COKE_16OZ,C,Changeover,96.43,160.06,17.05
ATL01,L2,CASE04,2025-10-02 08:00:00,60,16,0.845,2765,2745,20,SPRITE_12OZ,A,Breakdown,84.74,61.63,10.79
ATL01,L2,FILL01,2025-10-10 08:00:00,60,5,0.254,9923,9353,570,COKE_12OZ,A,None,101.92,220.97,18.68
ATL02,L2,LBLR03,2025-10-03 12:00:00,60,5,0.348,8570,8371,199,COKE_12OZ,C,Starved,106.02,161.48,18.39
ATL01,L2,CASE04,2025-10-08 07:00:00,60,1,0.809,3356,3246,110,SPRITE_12OZ,B,PM,96.43,63.89,17.6
ATL01,L2,CAPR02,2025-10-02 11:00:00,60,8,0.287,10303,9948,355,COKE_12OZ,A,None,98.51,207.31,14.78
ATL01,L1,LBLR03,2025-10-02 09:00:00,60,11,0.33,7593,7333,260,SPRITE_12OZ,C,Changeover,94.35,150.75,16.45
ATL01,L2,CASE04,2025-10-08 10:00:00,60,1,0.795,4366,4325,41,DIET_12OZ,A,Changeover,98.82,92.03,11.02
ATL01,L3,FILL01,2025-10-01 08:00:00,60,0,0.241,12480,12107,373,SPRITE_12OZ,A,None,96.08,244.97,15.78
ATL02,L3,FILL01,2025-10-10 08:00:00,60,8,0.275,11413,11312,101,SPRITE_12OZ,B,Changeover,97.16,238.73,17.4
ATL01,L1,FILL01,2025-10-02 08:00:00,60,11,0.254,10990,10562,428,SPRITE_12OZ,A,Starved,92.62,233.09,15.17
ATL01,L1,LBLR03,2025-10-05 06:00:00,60,13,0.325,7145,7105,40,COKE_12OZ,A,Changeover,91.69,146.6,15.67
ATL02,L2,LBLR03,2025-10-05 13:00:00,60,9,0.318,9140,8737,403,COKE_12OZ,B,Blocked,94.06,186.48,13.56
ATL02,L3,CASE04,2025-10-05 11:00:00,60,13,0.77,2946,2860,86,COKE_12OZ,A,Breakdown,79.05,61.2,12.29
ATL02,L1,CASE04,2025-10-07 09:00:00,60,0,0.756,4373,4360,13,SPRITE_12OZ,C,Breakdown,95.0,84.96,20.21
